uf,week,pred,lower_95,lower_90,lower_80,lower_50,upper_50,upper_80,upper_90,upper_95,date
AC,1,49,5,8,12,25,91,160,243,324,2024-10-06
AC,2,57,6,10,15,29,108,195,275,336,2024-10-13
AC,3,68,7,11,18,34,128,234,321,417,2024-10-20
AC,4,80,8,13,20,39,149,269,382,516,2024-10-27
AC,5,89,11,17,24,46,177,311,449,593,2024-11-03
AC,6,107,12,17,28,53,202,360,511,673,2024-11-10
AC,7,122,17,23,34,66,226,412,594,828,2024-11-17
AC,8,137,14,21,35,67,268,481,673,902,2024-11-24
AC,9,151,18,25,37,77,280,505,702,894,2024-12-01
AC,10,160,19,30,43,80,300,526,801,1055,2024-12-08
AC,11,173,21,33,47,90,330,554,816,1191,2024-12-15
AC,12,183,21,30,46,92,355,585,833,1231,2024-12-22
AC,13,188,23,35,50,97,366,660,927,1348,2024-12-29
AC,14,210,27,38,55,110,412,758,1006,1412,2025-01-05
AC,15,224.5,27,40,59,110,417,750,1058,1416,2025-01-12
AC,16,223.5,28,38,61,117,436,777,1143,1521,2025-01-19
AC,17,229,28,38,57,116,418,755,1044,1353,2025-01-26
AC,18,212,24,38,54,108,419,723,1001,1374,2025-02-02
AC,19,204,24,36,55,104,403,745,1058,1447,2025-02-09
AC,20,183,21,32,50,96,359,650,891,1206,2025-02-16
AC,21,171,19,28,45,86,317,559,812,1151,2025-02-23
AC,22,158,20,27,43,81,286,505,753,1006,2025-03-02
AC,23,130,16,24,35,66,261,474,662,906,2025-03-09
AC,24,118,15,20,32,62,227,394,583,780,2025-03-16
AC,25,103.5,13,19,28,53,203,362,527,719,2025-03-23
AC,26,95,12,18,27,49,182,334,443,622,2025-03-30
AC,27,83.5,12,16,23,42,161,280,404,542,2025-04-06
AC,28,76,8,13,20,39,152,260,383,494,2025-04-13
AC,29,69,9,12,17,35,132,237,344,463,2025-04-20
AC,30,64,7,10,16,32,115,222,323,401,2025-04-27
AC,31,57,7,10,15,29,113,190,269,361,2025-05-04
AC,32,51,6,9,13,26,99,169,251,342,2025-05-11
AC,33,45,5,8,12,23,86,152,204,282,2025-05-18
AC,34,42,5,7,11,20,77,138,187,252,2025-05-25
AC,35,36.5,4,6,9,19,69,126,170,224,2025-06-01
AC,36,33,3,6,8,17,64,109,157,206,2025-06-08
AC,37,31,3,5,8,16,56,108,152,204,2025-06-15
AC,38,28,3,5,7,14,54,101,141,201,2025-06-22
AC,39,26,2,4,7,13,53,99,140,190,2025-06-29
AC,40,26,3,4,6,13,50,87,121,169,2025-07-06
AC,41,25,2,4,6,12,47,85,117,153,2025-07-13
AC,42,25,2,4,6,12,47,85,122,172,2025-07-20
AC,43,24,2,4,6,12,46,80,115,149,2025-07-27
AC,44,23,2,3,5,12,46,81,117,161,2025-08-03
AC,45,23,2,4,6,12,42,77,115,148,2025-08-10
AC,46,23,2,3,6,12,45,80,117,166,2025-08-17
AC,47,24,2,4,6,12,45,80,114,157,2025-08-24
AC,48,26,2,3,6,13,50,86,116,174,2025-08-31
AC,49,30,3,4,7,14,56,95,135,186,2025-09-07
AC,50,31,3,5,8,16,61,111,154,220,2025-09-14
AC,51,36,4,6,9,19,69,120,177,262,2025-09-21
AC,52,42,4,7,11,21,80,139,191,259,2025-09-28
AL,1,102,11,16,24,47,222,476,718,1005,2024-10-06
AL,2,97,11,16,25,49,212,428,674,964,2024-10-13
AL,3,91,8,14,20,43,201,414,656,914,2024-10-20
AL,4,85,9,13,21,43,183,376,603,946,2024-10-27
AL,5,77.5,7,11,17,36,172,355,558,887,2024-11-03
AL,6,74,7,11,17,35,160,349,518,775,2024-11-10
AL,7,69,6,9,17,32,149,320,478,751,2024-11-17
AL,8,63,6,9,14,29,138,315,482,690,2024-11-24
AL,9,60,6,9,14,27,128,269,450,647,2024-12-01
AL,10,55,6,8,13,25,121,265,421,715,2024-12-08
AL,11,56,5,8,13,25,120,242,415,611,2024-12-15
AL,12,54,5,8,13,25,114,232,369,558,2024-12-22
AL,13,57,6,9,13,27,119,256,424,689,2024-12-29
AL,14,62,6,9,15,28,130,265,419,629,2025-01-05
AL,15,65,7,11,16,31,141,300,503,727,2025-01-12
AL,16,69,7,11,16,32,155,328,489,666,2025-01-19
AL,17,79,7,10,18,37,172,346,521,685,2025-01-26
AL,18,85,8,12,19,39,170,353,584,839,2025-02-02
AL,19,95,9,14,22,43,198,414,641,900,2025-02-09
AL,20,101,11,15,24,49,225,451,731,1060,2025-02-16
AL,21,114,11,16,27,54,244,481,758,1038,2025-02-23
AL,22,125,13,20,29,60,245,525,875,1408,2025-03-02
AL,23,132,12,18,31,61,287,611,958,1508,2025-03-09
AL,24,142,12,20,34,68,309,632,949,1399,2025-03-16
AL,25,157,17,24,39,76,328,650,969,1410,2025-03-23
AL,26,168,15,23,39,79,372,717,1159,1701,2025-03-30
AL,27,181,17,27,42,85,408,820,1260,1862,2025-04-06
AL,28,195.5,20,29,46,94,424,861,1378,2025,2025-04-13
AL,29,213.5,22,31,50,101,479,977,1517,2434,2025-04-20
AL,30,233,26,37,58,115,517,1058,1616,2519,2025-04-27
AL,31,246.5,24,38,58,124,538,1090,1616,2291,2025-05-04
AL,32,261,29,44,66,127,562,1160,1796,2744,2025-05-11
AL,33,294,30,46,72,140,634,1326,2097,3089,2025-05-18
AL,34,289,33,48,71,141,635,1276,1849,2564,2025-05-25
AL,35,301,31,45,69,138,621,1271,2003,3196,2025-06-01
AL,36,297.5,33,47,69,142,650,1356,2060,3271,2025-06-08
AL,37,300,34,46,75,144,619,1356,2153,3026,2025-06-15
AL,38,294.5,34,45,69,137,634,1310,2007,3030,2025-06-22
AL,39,287.5,24,44,66,136,624,1298,1939,2632,2025-06-29
AL,40,293,25,40,66,135,596,1286,1891,3036,2025-07-06
AL,41,268,30,41,62,127,573,1157,1677,2745,2025-07-13
AL,42,253,27,38,60,116,531,1065,1545,2105,2025-07-20
AL,43,227.5,22,33,54,112,498,997,1499,2252,2025-07-27
AL,44,216,22,34,53,99,461,941,1454,2171,2025-08-03
AL,45,185.5,19,30,46,88,397,876,1368,2119,2025-08-10
AL,46,180,19,27,43,84,388,771,1159,1592,2025-08-17
AL,47,162.5,17,24,38,75,339,661,1043,1674,2025-08-24
AL,48,142,14,22,34,66,311,630,1029,1587,2025-08-31
AL,49,135,13,21,34,66,292,604,837,1243,2025-09-07
AL,50,124,12,19,30,61,279,543,873,1240,2025-09-14
AL,51,113,13,18,27,54,240,488,809,1162,2025-09-21
AL,52,111.5,10,19,28,55,241,479,678,992,2025-09-28
AM,1,61,13,17,22,36,106,182,266,378,2024-10-06
AM,2,63.5,14,18,24,38,106,180,249,354,2024-10-13
AM,3,64,14,19,24,37,105,178,257,354,2024-10-20
AM,4,65,14,19,25,39,111,193,259,348,2024-10-27
AM,5,67,15,19,26,40,113,191,272,405,2024-11-03
AM,6,72,17,21,29,43,119,195,269,379,2024-11-10
AM,7,80,19,23,31,48,127,201,297,447,2024-11-17
AM,8,80,19,24,31,49,134,228,303,443,2024-11-24
AM,9,87,19,24,33,53,140,228,311,452,2024-12-01
AM,10,90.5,20,27,36,57,151,245,338,471,2024-12-08
AM,11,96,25,30,39,60,156,251,362,486,2024-12-15
AM,12,107,28,34,43,66,169,296,401,603,2024-12-22
AM,13,112.5,30,36,48,73,179,290,395,598,2024-12-29
AM,14,126,32,38,51,81,207,324,430,580,2025-01-05
AM,15,135,35,42,56,86,218,354,472,614,2025-01-12
AM,16,143,36,46,59,88,234,367,520,723,2025-01-19
AM,17,156,41,51,65,100,248,390,536,743,2025-01-26
AM,18,159,41,51,64,99,251,402,538,768,2025-02-02
AM,19,161,41,53,68,102,256,425,589,799,2025-02-09
AM,20,167.5,42,54,70,106,261,424,591,798,2025-02-16
AM,21,165,43,52,67,102,267,426,622,880,2025-02-23
AM,22,158.5,42,53,67,103,250,396,554,766,2025-03-02
AM,23,152,35,51,66,97,235,379,540,772,2025-03-09
AM,24,152,39,47,61,94,242,403,545,777,2025-03-16
AM,25,141,35,46,59,90,231,380,518,752,2025-03-23
AM,26,133,35,44,57,83,216,342,457,635,2025-03-30
AM,27,127,32,40,51,78,208,326,446,602,2025-04-06
AM,28,119,28,36,47,72,190,301,429,607,2025-04-13
AM,29,108,27,35,46,69,182,285,395,559,2025-04-20
AM,30,99,24,31,41,63,169,279,391,515,2025-04-27
AM,31,97,21,27,37,59,153,255,345,482,2025-05-04
AM,32,89,21,26,35,55,142,235,310,430,2025-05-11
AM,33,81,18,24,31,49,131,209,312,446,2025-05-18
AM,34,76,16,22,29,46,128,198,269,360,2025-05-25
AM,35,73,16,21,29,44,119,197,256,373,2025-06-01
AM,36,70,15,19,26,42,115,188,271,354,2025-06-08
AM,37,66,14,18,24,38,109,183,239,318,2025-06-15
AM,38,62,14,19,24,39,104,160,217,312,2025-06-22
AM,39,59,13,17,22,35,100,169,245,346,2025-06-29
AM,40,59,12,17,23,35,99,161,222,289,2025-07-06
AM,41,57,12,15,21,35,95,158,218,289,2025-07-13
AM,42,55,11,15,22,34,91,145,201,300,2025-07-20
AM,43,53,11,15,20,32,89,141,205,304,2025-07-27
AM,44,53,11,14,19,31,85,139,190,245,2025-08-03
AM,45,54,11,15,20,33,87,139,196,270,2025-08-10
AM,46,51,12,16,20,33,87,142,195,277,2025-08-17
AM,47,53,12,15,20,31,90,142,207,270,2025-08-24
AM,48,56,12,16,21,33,95,150,207,312,2025-08-31
AM,49,58,12,16,22,36,100,164,232,335,2025-09-07
AM,50,58.5,13,17,22,37,99,169,226,318,2025-09-14
AM,51,63,13,18,24,37,106,179,266,373,2025-09-21
AM,52,63,13,17,24,38,104,177,244,351,2025-09-28
AP,1,8,0,0,1,3,22,59,111,236,2024-10-06
AP,2,7,0,0,0,2,20,53,99,165,2024-10-13
AP,3,6,0,0,1,2,18,46,93,151,2024-10-20
AP,4,6,0,0,0,2,16,39,76,137,2024-10-27
AP,5,5,0,0,0,1,15,39,64,128,2024-11-03
AP,6,5,0,0,0,1,13,37,63,119,2024-11-10
AP,7,4,0,0,0,1,13,33,59,101,2024-11-17
AP,8,4,0,0,0,1,12,31,57,95,2024-11-24
AP,9,4,0,0,0,1,12,30,57,95,2024-12-01
AP,10,4,0,0,0,1,13,32,60,106,2024-12-08
AP,11,5,0,0,0,1,15,36,66,109,2024-12-15
AP,12,6,0,0,0,2,17,42,78,127,2024-12-22
AP,13,8,0,0,1,2,21,56,100,177,2024-12-29
AP,14,9,0,0,1,3,26,70,131,223,2025-01-05
AP,15,11,0,0,1,4,32,89,143,247,2025-01-12
AP,16,14,0,1,1,5,37,94,190,294,2025-01-19
AP,17,16,0,0,2,6,45,112,196,310,2025-01-26
AP,18,16,0,1,2,5,46,115,226,439,2025-02-02
AP,19,18,0,1,2,7,49,124,233,380,2025-02-09
AP,20,18.5,0,1,2,6,49,139,263,432,2025-02-16
AP,21,20,0,1,2,6,55,138,239,432,2025-02-23
AP,22,21,0,1,2,7,57,132,241,447,2025-03-02
AP,23,20,0,1,2,7,55,134,244,412,2025-03-09
AP,24,18,0,1,2,6,52,128,232,436,2025-03-16
AP,25,17,0,1,2,6,45,123,195,338,2025-03-23
AP,26,17,0,1,2,6,47,119,217,385,2025-03-30
AP,27,15,0,1,2,5,42,114,207,357,2025-04-06
AP,28,14,0,0,1,5,38,99,195,401,2025-04-13
AP,29,13,0,0,1,4,38,94,165,293,2025-04-20
AP,30,12,0,0,1,4,34,83,160,272,2025-04-27
AP,31,11,0,0,1,4,31,84,143,260,2025-05-04
AP,32,10,0,0,1,3,29,71,129,207,2025-05-11
AP,33,10,0,0,1,3,26,70,120,204,2025-05-18
AP,34,8.5,0,0,1,3,24,61,121,218,2025-05-25
AP,35,8,0,0,1,3,22,59,104,183,2025-06-01
AP,36,8,0,0,1,3,21,53,107,178,2025-06-08
AP,37,7,0,0,1,2,19,47,96,175,2025-06-15
AP,38,7,0,0,0,2,20,51,89,179,2025-06-22
AP,39,7,0,0,0,2,19,45,88,190,2025-06-29
AP,40,7,0,0,0,2,19,50,88,165,2025-07-06
AP,41,8,0,0,0,2,19,51,87,142,2025-07-13
AP,42,7.5,0,0,1,2,21,53,101,200,2025-07-20
AP,43,8,0,0,1,2,24,61,115,200,2025-07-27
AP,44,9,0,0,1,3,25,71,123,199,2025-08-03
AP,45,10,0,0,1,3,29,70,126,211,2025-08-10
AP,46,11,0,0,1,4,30,74,140,253,2025-08-17
AP,47,11,0,0,1,4,30,81,141,242,2025-08-24
AP,48,11,0,0,1,4,31,77,141,223,2025-08-31
AP,49,10,0,0,1,3,28,74,138,233,2025-09-07
AP,50,9,0,0,1,3,29,71,126,255,2025-09-14
AP,51,9,0,0,1,3,26,63,115,194,2025-09-21
AP,52,9,0,0,1,3,24,59,104,203,2025-09-28
BA,1,326,95,113,140,204,529,980,1406,2115,2024-10-06
BA,2,329,89,112,141,203,546,907,1342,1973,2024-10-13
BA,3,315,82,104,129,196,525,888,1349,1860,2024-10-20
BA,4,318.5,95,114,138,203,509,885,1285,1918,2024-10-27
BA,5,322.5,91,109,138,202,540,875,1224,1949,2024-11-03
BA,6,321.5,85,107,137,208,516,883,1285,1881,2024-11-10
BA,7,331,98,115,146,209,561,917,1455,2107,2024-11-17
BA,8,338,103,118,144,211,559,968,1428,2125,2024-11-24
BA,9,357,109,127,153,230,563,968,1386,2127,2024-12-01
BA,10,370,107,129,162,239,609,1074,1579,2341,2024-12-08
BA,11,392,115,143,171,256,655,1122,1591,2409,2024-12-15
BA,12,434,127,155,197,278,719,1221,1867,2835,2024-12-22
BA,13,507,153,183,229,331,802,1421,2125,3088,2024-12-29
BA,14,613.5,178,221,278,392,1032,1675,2387,3683,2025-01-05
BA,15,734,227,271,324,477,1189,2001,2821,4161,2025-01-12
BA,16,882,261,309,395,571,1407,2436,3374,4951,2025-01-19
BA,17,1049.5,317,378,470,691,1694,2728,4076,6431,2025-01-26
BA,18,1229.5,387,467,566,805,1944,3234,4933,7288,2025-02-02
BA,19,1415.5,440,537,658,934,2277,3703,5253,7372,2025-02-09
BA,20,1619,501,613,752,1058,2614,4195,6048,8243,2025-02-16
BA,21,1754,553,653,791,1112,2819,4772,6929,9105,2025-02-23
BA,22,1888,605,700,861,1205,3000,5092,7089,10996,2025-03-02
BA,23,2040,639,760,926,1331,3189,5251,7589,11875,2025-03-09
BA,24,2078.5,654,777,960,1400,3326,5659,7803,12133,2025-03-16
BA,25,2105,601,777,966,1393,3480,5774,8557,12090,2025-03-23
BA,26,2150.5,690,843,998,1411,3447,5668,8190,12036,2025-03-30
BA,27,2165.5,670,783,979,1417,3501,5583,8827,13448,2025-04-06
BA,28,2197.5,691,802,973,1404,3386,5569,8074,13255,2025-04-13
BA,29,2159.5,675,830,1032,1432,3348,5774,8656,12749,2025-04-20
BA,30,2017.5,638,762,938,1347,3242,5424,7943,11041,2025-04-27
BA,31,1987,626,749,932,1315,3185,5353,7480,10807,2025-05-04
BA,32,1822,584,705,864,1220,2882,4738,6977,9973,2025-05-11
BA,33,1671,543,644,778,1133,2680,4468,6459,9394,2025-05-18
BA,34,1510.5,456,558,711,998,2440,4124,6039,8611,2025-05-25
BA,35,1328.5,433,506,628,876,2180,3598,5162,7313,2025-06-01
BA,36,1195,362,437,563,813,1920,3254,4549,6639,2025-06-08
BA,37,1068.5,343,407,496,711,1711,2956,4053,5853,2025-06-15
BA,38,978.5,290,358,438,625,1563,2622,3619,5627,2025-06-22
BA,39,888,276,325,401,569,1413,2431,3521,4971,2025-06-29
BA,40,780,240,279,357,513,1320,2251,3324,4973,2025-07-06
BA,41,713.5,207,263,321,460,1194,2051,2888,4031,2025-07-13
BA,42,635.5,181,225,282,405,1062,1841,2700,3968,2025-07-20
BA,43,594.5,175,208,256,370,982,1676,2408,3510,2025-07-27
BA,44,537.5,155,183,228,336,891,1546,2231,3365,2025-08-03
BA,45,487.5,136,168,216,315,818,1409,2131,3179,2025-08-10
BA,46,450,134,159,205,285,751,1336,1910,2858,2025-08-17
BA,47,415,124,149,183,268,713,1243,1917,2717,2025-08-24
BA,48,403,116,137,168,250,681,1195,1711,2545,2025-08-31
BA,49,370,104,130,165,234,608,1049,1607,2258,2025-09-07
BA,50,361,100,123,154,221,612,1000,1501,2051,2025-09-14
BA,51,340,99,116,146,221,573,990,1495,2340,2025-09-21
BA,52,328,99,120,146,212,544,983,1407,1945,2025-09-28
CE,1,136,41,49,60,88,214,342,468,633,2024-10-06
CE,2,122,35,43,55,82,198,314,422,636,2024-10-13
CE,3,119,35,45,55,79,193,315,452,598,2024-10-20
CE,4,120.5,34,41,52,75,183,305,461,637,2024-10-27
CE,5,112,32,40,51,74,188,318,427,615,2024-11-03
CE,6,114,33,41,53,75,186,289,425,607,2024-11-10
CE,7,113,32,41,51,72,188,307,405,596,2024-11-17
CE,8,111,30,36,47,70,183,308,421,567,2024-11-24
CE,9,106,28,36,47,69,174,290,411,546,2024-12-01
CE,10,105,28,35,43,67,166,278,382,523,2024-12-08
CE,11,101,26,33,44,64,164,258,379,569,2024-12-15
CE,12,104,27,34,44,64,165,270,394,562,2024-12-22
CE,13,113,33,40,50,71,186,308,448,659,2024-12-29
CE,14,128,38,46,57,84,209,355,473,671,2025-01-05
CE,15,158,45,56,70,103,251,401,566,802,2025-01-12
CE,16,188,55,67,84,123,300,487,673,939,2025-01-19
CE,17,237,68,85,105,153,368,588,754,1013,2025-01-26
CE,18,283,90,103,129,188,439,736,1037,1430,2025-02-02
CE,19,342.5,107,125,159,225,551,876,1160,1616,2025-02-09
CE,20,402,125,147,179,263,632,1014,1473,1976,2025-02-16
CE,21,474,141,173,217,306,746,1178,1673,2326,2025-02-23
CE,22,537,158,196,249,353,851,1311,1807,2473,2025-03-02
CE,23,615,182,221,273,406,974,1492,1997,2790,2025-03-09
CE,24,679,197,244,316,446,1075,1725,2448,3394,2025-03-16
CE,25,771.5,230,285,358,511,1184,1767,2596,3541,2025-03-23
CE,26,841,270,331,404,562,1328,2207,2824,4064,2025-03-30
CE,27,917,268,331,429,614,1454,2266,3219,4454,2025-04-06
CE,28,984,311,371,456,654,1557,2363,3452,4960,2025-04-13
CE,29,1021,314,385,476,698,1617,2437,3312,4355,2025-04-20
CE,30,1035,309,394,479,688,1598,2475,3400,4698,2025-04-27
CE,31,1040.5,307,376,465,678,1584,2540,3745,5504,2025-05-04
CE,32,1003.5,314,382,468,675,1579,2472,3396,4504,2025-05-11
CE,33,946,289,367,444,641,1498,2323,3083,4242,2025-05-18
CE,34,914,288,356,429,610,1421,2205,3173,4412,2025-05-25
CE,35,882,263,323,396,568,1348,2128,2993,4065,2025-06-01
CE,36,811.5,268,317,377,545,1267,2015,2813,4005,2025-06-08
CE,37,764,237,291,355,522,1218,1850,2477,3472,2025-06-15
CE,38,696,222,267,335,465,1100,1697,2243,3304,2025-06-22
CE,39,659.5,197,236,295,431,1019,1593,2249,3008,2025-06-29
CE,40,587,174,216,268,394,931,1493,2046,2710,2025-07-06
CE,41,549,164,199,246,356,856,1389,1966,2570,2025-07-13
CE,42,487,150,183,219,324,751,1220,1734,2290,2025-07-20
CE,43,447.5,131,163,204,290,694,1070,1527,2119,2025-07-27
CE,44,403,119,143,183,266,626,986,1313,1831,2025-08-03
CE,45,363,104,131,164,235,559,882,1273,1832,2025-08-10
CE,46,316.5,87,112,141,204,507,807,1109,1454,2025-08-17
CE,47,284,79,97,123,178,445,724,989,1279,2025-08-24
CE,48,242,73,89,110,157,378,613,839,1209,2025-08-31
CE,49,210,58,73,92,139,334,515,714,981,2025-09-07
CE,50,186,51,62,81,123,292,469,658,945,2025-09-14
CE,51,162,47,58,74,105,259,427,570,811,2025-09-21
CE,52,152,43,52,67,99,238,375,514,740,2025-09-28
DF,1,102,3,6,13,37,267,702,1250,2403,2024-10-06
DF,2,101,3,6,12,35,254,661,1191,2085,2024-10-13
DF,3,92,3,6,12,33,253,697,1181,2170,2024-10-20
DF,4,97,3,6,13,33,252,645,1128,1741,2024-10-27
DF,5,104,3,6,12,34,255,697,1217,2206,2024-11-03
DF,6,106,4,6,13,37,282,712,1271,2096,2024-11-10
DF,7,116.5,5,8,15,44,316,834,1474,2408,2024-11-17
DF,8,127,5,9,17,44,352,967,1637,2667,2024-11-24
DF,9,154.5,6,11,19,56,420,1060,1831,3328,2024-12-01
DF,10,176.5,6,11,23,62,477,1222,2095,3657,2024-12-08
DF,11,203,7,12,26,78,538,1453,2705,4327,2024-12-15
DF,12,245,8,17,33,90,645,1760,3543,5487,2024-12-22
DF,13,303,13,23,43,109,804,2154,3825,6374,2024-12-29
DF,14,384.5,12,25,50,136,965,2637,5202,9258,2025-01-05
DF,15,445.5,20,31,56,163,1216,3394,5837,9051,2025-01-12
DF,16,552,20,36,70,194,1427,3791,7058,11420,2025-01-19
DF,17,643.5,25,42,82,224,1644,4507,8011,12173,2025-01-26
DF,18,721,25,50,95,259,1854,4789,8674,16807,2025-02-02
DF,19,762,33,57,102,273,2077,5677,9597,15764,2025-02-09
DF,20,834,30,64,112,309,2168,5699,10186,16607,2025-02-16
DF,21,895,33,54,118,320,2337,5822,10469,19923,2025-02-23
DF,22,886,40,67,124,318,2298,5994,11469,17627,2025-03-02
DF,23,954.5,37,72,130,348,2493,6124,11936,19676,2025-03-09
DF,24,943,39,67,124,357,2457,6297,12191,20821,2025-03-16
DF,25,1026,38,68,126,372,2581,6748,12777,21466,2025-03-23
DF,26,997,36,74,136,374,2566,7142,13227,23368,2025-03-30
DF,27,1013,41,70,136,358,2701,6756,12764,21269,2025-04-06
DF,28,1020,44,75,135,364,2660,7459,13008,23523,2025-04-13
DF,29,971,39,67,138,356,2583,7374,12231,21789,2025-04-20
DF,30,938.5,35,71,130,349,2570,6310,12200,21914,2025-04-27
DF,31,966.5,34,57,132,360,2531,6008,12269,18486,2025-05-04
DF,32,876.5,38,69,117,333,2358,5975,11408,20540,2025-05-11
DF,33,856.5,28,59,108,307,2197,5842,10686,20241,2025-05-18
DF,34,741,29,56,101,269,1981,5461,10098,16074,2025-05-25
DF,35,650.5,24,45,85,224,1681,4928,8317,14734,2025-06-01
DF,36,520.5,17,36,71,199,1412,3560,6585,10369,2025-06-08
DF,37,439.5,17,29,60,156,1118,2993,5601,9304,2025-06-15
DF,38,346.5,11,23,44,126,942,2433,4659,7212,2025-06-22
DF,39,259.5,10,19,32,94,730,1886,3687,5884,2025-06-29
DF,40,218,7,14,30,83,563,1551,2803,4812,2025-07-06
DF,41,180,6,12,26,64,482,1224,2367,3818,2025-07-13
DF,42,158.5,5,10,18,53,429,1101,1921,3079,2025-07-20
DF,43,145,5,10,19,51,402,1050,1824,3074,2025-07-27
DF,44,126.5,4,8,16,44,350,897,1536,2562,2025-08-03
DF,45,120,4,8,15,42,321,809,1524,2437,2025-08-10
DF,46,119,4,8,17,44,312,829,1492,2824,2025-08-17
DF,47,119,5,8,15,42,301,835,1543,2749,2025-08-24
DF,48,121,4,8,15,43,327,820,1688,2576,2025-08-31
DF,49,122,4,6,14,41,318,801,1515,2459,2025-09-07
DF,50,122,4,8,16,44,308,844,1684,2996,2025-09-14
DF,51,112,3,7,14,42,306,825,1529,2593,2025-09-21
DF,52,107,4,7,15,39,291,783,1423,2690,2025-09-28
GO,1,637,292,326,381,483,863,1130,1391,1722,2024-10-06
GO,2,661,290,325,371,492,889,1181,1403,1739,2024-10-13
GO,3,680.5,281,329,390,505,908,1195,1519,1800,2024-10-20
GO,4,697,307,360,419,534,943,1266,1541,1829,2024-10-27
GO,5,743,322,374,433,562,1008,1349,1639,2141,2024-11-03
GO,6,814,355,402,477,615,1072,1457,1805,2145,2024-11-10
GO,7,868,372,434,512,664,1174,1542,1859,2196,2024-11-17
GO,8,910.5,407,460,541,690,1243,1675,2026,2446,2024-11-24
GO,9,988.5,414,485,576,736,1307,1792,2185,2812,2024-12-01
GO,10,1025.5,443,521,605,782,1399,1852,2316,2844,2024-12-08
GO,11,1111.5,495,575,659,843,1487,1948,2386,2885,2024-12-15
GO,12,1292,556,652,751,960,1723,2320,2863,3516,2024-12-22
GO,13,1551.5,659,786,926,1173,2084,2812,3508,4375,2024-12-29
GO,14,1954.5,858,988,1172,1496,2638,3547,4444,5455,2025-01-05
GO,15,2394,971,1161,1357,1784,3172,4256,5327,6292,2025-01-12
GO,16,2849.5,1189,1378,1638,2140,3780,5055,6083,7579,2025-01-19
GO,17,3313.5,1449,1647,1981,2500,4440,5819,7139,8736,2025-01-26
GO,18,3684,1639,1880,2150,2763,5040,6669,8334,10365,2025-02-02
GO,19,4075,1776,1974,2350,3055,5426,7215,8716,10496,2025-02-09
GO,20,4286.5,1805,2123,2552,3278,5687,7685,9132,10868,2025-02-16
GO,21,4555.5,1885,2243,2656,3430,6114,8169,10167,12292,2025-02-23
GO,22,4757.5,2049,2337,2731,3569,6258,8668,10845,13140,2025-03-02
GO,23,4883.5,2191,2469,2873,3658,6510,8753,11354,13299,2025-03-09
GO,24,4982,2182,2492,2919,3764,6676,8966,11002,13719,2025-03-16
GO,25,5059,2166,2517,3000,3815,6757,9108,11243,13758,2025-03-23
GO,26,5076,2240,2581,3016,3854,6738,9237,11719,14662,2025-03-30
GO,27,5134,2289,2576,3021,3806,6857,9053,11036,13433,2025-04-06
GO,28,5033,2150,2534,3010,3851,6818,9053,11184,13734,2025-04-13
GO,29,4900,2113,2409,2843,3675,6612,8727,10454,13566,2025-04-20
GO,30,4624,2077,2382,2740,3484,6274,8511,10378,12511,2025-04-27
GO,31,4339,1850,2161,2528,3233,5843,7724,9814,11573,2025-05-04
GO,32,3953.5,1668,1921,2270,2946,5222,6945,8782,10596,2025-05-11
GO,33,3436,1429,1709,1971,2555,4558,5999,7442,8991,2025-05-18
GO,34,2898,1261,1465,1662,2188,3867,5183,6413,7654,2025-05-25
GO,35,2490,1091,1256,1475,1872,3402,4506,5416,6671,2025-06-01
GO,36,2098.5,913,1060,1253,1570,2803,3776,4540,5803,2025-06-08
GO,37,1749,747,870,1009,1312,2388,3094,3853,4809,2025-06-15
GO,38,1469.5,644,748,859,1080,1966,2583,3314,4184,2025-06-22
GO,39,1187,524,609,717,897,1583,2199,2754,3113,2025-06-29
GO,40,1000.5,444,496,578,746,1342,1797,2114,2727,2025-07-06
GO,41,876.5,375,434,503,659,1157,1564,1950,2469,2025-07-13
GO,42,763.5,336,395,455,581,1027,1384,1759,2098,2025-07-20
GO,43,696,319,367,424,534,948,1246,1494,1865,2025-07-27
GO,44,652,281,322,380,496,876,1163,1418,1765,2025-08-03
GO,45,620,264,319,369,473,830,1125,1361,1720,2025-08-10
GO,46,623,263,305,354,457,816,1089,1322,1645,2025-08-17
GO,47,603.5,264,299,351,453,803,1086,1315,1620,2025-08-24
GO,48,598,257,301,353,456,814,1064,1315,1621,2025-08-31
GO,49,608,253,293,354,463,809,1094,1339,1642,2025-09-07
GO,50,621,272,310,368,469,837,1137,1396,1674,2025-09-14
GO,51,633.5,293,328,372,468,837,1133,1410,1684,2025-09-21
GO,52,648,280,326,371,488,854,1133,1352,1769,2025-09-28
MA,1,24,3,5,8,13,44,78,111,158,2024-10-06
MA,2,24,4,5,8,14,44,72,101,152,2024-10-13
MA,3,24,4,5,8,13,43,74,104,137,2024-10-20
MA,4,25,4,6,8,14,44,74,107,148,2024-10-27
MA,5,25,4,6,9,15,45,77,109,146,2024-11-03
MA,6,25,4,6,9,15,42,73,100,147,2024-11-10
MA,7,26.5,4,6,9,15,45,75,104,139,2024-11-17
MA,8,26,5,7,9,15,44,72,104,137,2024-11-24
MA,9,27,5,7,9,16,46,74,100,134,2024-12-01
MA,10,29,5,7,10,17,49,82,112,150,2024-12-08
MA,11,33,6,8,12,19,54,91,129,163,2024-12-15
MA,12,40,7,11,15,23,69,114,160,221,2024-12-22
MA,13,55,11,15,20,32,94,159,219,302,2024-12-29
MA,14,75,15,19,26,45,130,214,278,366,2025-01-05
MA,15,104,24,30,37,62,172,287,399,514,2025-01-12
MA,16,128,28,36,48,79,209,355,491,655,2025-01-19
MA,17,160,30,43,59,98,265,441,605,861,2025-01-26
MA,18,195,42,54,73,114,346,560,766,973,2025-02-02
MA,19,225,50,62,85,138,412,647,908,1201,2025-02-09
MA,20,250,56,72,95,151,416,674,885,1204,2025-02-16
MA,21,280,61,77,99,164,462,720,967,1335,2025-02-23
MA,22,277.5,60,79,105,170,463,722,1002,1334,2025-03-02
MA,23,274,60,82,109,169,458,726,1018,1333,2025-03-09
MA,24,274.5,56,76,101,159,465,734,1013,1327,2025-03-16
MA,25,260,59,76,99,159,443,711,966,1247,2025-03-23
MA,26,261,58,74,98,153,430,711,936,1244,2025-03-30
MA,27,248,59,73,95,148,414,643,873,1105,2025-04-06
MA,28,234.5,48,65,89,141,384,633,892,1283,2025-04-13
MA,29,224,50,65,86,134,356,586,861,1119,2025-04-20
MA,30,206,43,55,74,124,343,569,838,1103,2025-04-27
MA,31,177.5,38,51,69,109,302,476,637,891,2025-05-04
MA,32,155.5,33,44,58,92,268,435,589,803,2025-05-11
MA,33,137,30,37,50,83,226,382,524,739,2025-05-18
MA,34,120,24,33,45,70,194,315,421,557,2025-05-25
MA,35,101,20,26,38,60,172,277,371,487,2025-06-01
MA,36,90,18,25,34,53,149,255,342,454,2025-06-08
MA,37,79,17,22,30,46,129,217,307,390,2025-06-15
MA,38,72,14,18,26,43,116,193,258,370,2025-06-22
MA,39,63,13,17,22,36,109,188,270,358,2025-06-29
MA,40,55,11,15,21,34,98,166,225,309,2025-07-06
MA,41,52,10,14,18,32,91,149,211,273,2025-07-13
MA,42,46,8,11,16,27,79,129,190,253,2025-07-20
MA,43,45,8,11,15,25,79,127,190,262,2025-07-27
MA,44,41,7,10,14,23,72,127,183,236,2025-08-03
MA,45,39,6,9,13,22,68,120,171,238,2025-08-10
MA,46,35,7,9,12,20,61,109,151,201,2025-08-17
MA,47,33,5,7,11,19,58,98,143,204,2025-08-24
MA,48,31,5,7,10,18,53,95,132,189,2025-08-31
MA,49,29,5,7,10,17,51,87,126,183,2025-09-07
MA,50,27,4,6,9,15,49,82,118,158,2025-09-14
MA,51,25,4,5,8,14,43,78,115,154,2025-09-21
MA,52,24,4,6,8,14,44,74,107,155,2025-09-28
MG,1,667,217,248,310,443,1174,2450,4179,7586,2024-10-06
MG,2,678.5,231,273,330,450,1196,2418,4657,7926,2024-10-13
MG,3,725,227,275,327,460,1278,2555,4890,8458,2024-10-20
MG,4,757,233,286,350,487,1378,2790,4621,8482,2024-10-27
MG,5,842,250,308,380,539,1524,3158,5465,8769,2024-11-03
MG,6,918,283,334,409,587,1582,3174,5958,11013,2024-11-10
MG,7,983.5,328,372,454,659,1740,3603,6524,10332,2024-11-17
MG,8,1151,347,409,500,726,1968,3997,7032,12508,2024-11-24
MG,9,1292.5,426,492,585,817,2298,4427,6998,11462,2024-12-01
MG,10,1467,495,579,685,956,2522,5182,8676,13792,2024-12-08
MG,11,1717,551,646,803,1121,3069,6019,10492,18608,2024-12-15
MG,12,2071,629,769,938,1349,3528,6990,11257,17662,2024-12-22
MG,13,2503.5,828,980,1204,1661,4394,8204,14286,22898,2024-12-29
MG,14,3247.5,1058,1230,1468,2115,5488,10245,16558,27222,2025-01-05
MG,15,4175,1390,1612,1934,2692,6740,12510,21645,35867,2025-01-12
MG,16,4980,1673,1956,2369,3232,8466,16615,28047,42774,2025-01-19
MG,17,6081,1911,2344,2869,3969,10289,19559,34642,57848,2025-01-26
MG,18,7299,2422,2772,3322,4697,11856,22258,36821,68332,2025-02-02
MG,19,8344.5,2737,3134,3688,5376,14083,27839,42650,65014,2025-02-09
MG,20,9049,2999,3581,4357,6108,15490,29332,51747,92797,2025-02-16
MG,21,10216.5,3435,3918,4728,6567,17131,31728,51902,92872,2025-02-23
MG,22,11258,3584,4201,5129,7260,19441,38256,60283,97087,2025-03-02
MG,23,11897.5,3776,4444,5339,7634,20408,37445,63153,100899,2025-03-09
MG,24,12199,4045,4707,5695,8046,20236,41149,72795,116160,2025-03-16
MG,25,12950,4194,4798,5906,8377,22040,42437,64560,97467,2025-03-23
MG,26,13411,4314,5052,6036,8715,22015,44343,73901,120911,2025-03-30
MG,27,13159.5,4283,5018,6102,8364,21675,39524,64653,117143,2025-04-06
MG,28,12746.5,4153,4898,5724,8032,21902,39993,68348,113796,2025-04-13
MG,29,11975.5,3728,4512,5313,7741,20106,39037,62543,99113,2025-04-20
MG,30,10548,3377,4112,5012,6934,18200,35769,53085,88307,2025-04-27
MG,31,9231,3110,3589,4398,6091,15715,29064,47617,77026,2025-05-04
MG,32,7866,2410,2956,3637,5096,13397,25708,40854,67925,2025-05-11
MG,33,6036.5,2022,2326,2862,4016,10488,20084,34325,50440,2025-05-18
MG,34,4916,1609,1858,2257,3232,8455,15501,25330,40311,2025-05-25
MG,35,3740,1228,1465,1751,2470,6356,11540,20568,35168,2025-06-01
MG,36,2827.5,950,1128,1348,1864,4796,9260,15256,24752,2025-06-08
MG,37,2241.5,723,852,1031,1454,3792,6795,10688,15940,2025-06-15
MG,38,1708.5,576,670,818,1152,2819,5132,8517,14401,2025-06-22
MG,39,1351,445,547,663,901,2272,4254,6740,12063,2025-06-29
MG,40,1113.5,369,427,506,754,1919,3396,5697,9149,2025-07-06
MG,41,932,299,347,437,627,1484,2874,4933,8254,2025-07-13
MG,42,824.5,265,304,373,536,1337,2492,3847,6287,2025-07-20
MG,43,725,238,274,338,471,1212,2383,3917,6030,2025-07-27
MG,44,660,220,256,309,434,1108,2108,3707,5690,2025-08-03
MG,45,638,207,247,296,405,1061,2053,3440,5975,2025-08-10
MG,46,609,197,222,274,384,1028,2012,3408,6055,2025-08-17
MG,47,592,200,237,276,396,979,1859,3149,4881,2025-08-24
MG,48,595,197,227,267,387,1022,1939,3099,5136,2025-08-31
MG,49,613,198,236,282,397,1036,2166,3358,5779,2025-09-07
MG,50,626.5,202,235,285,405,1108,2250,3826,7102,2025-09-14
MG,51,643,214,251,297,416,1148,2381,4048,6694,2025-09-21
MG,52,673,207,243,296,420,1160,2413,4205,6826,2025-09-28
MS,1,96,16,22,30,52,188,384,592,876,2024-10-06
MS,2,110,19,25,34,59,228,469,714,1109,2024-10-13
MS,3,123,20,28,38,66,250,477,813,1198,2024-10-20
MS,4,143,24,32,44,79,286,588,915,1440,2024-10-27
MS,5,166,25,35,49,85,331,660,1010,1642,2024-11-03
MS,6,184,29,39,58,98,384,777,1213,1922,2024-11-10
MS,7,210.5,37,48,64,109,457,897,1376,2161,2024-11-17
MS,8,238,33,49,67,127,498,934,1632,2750,2024-11-24
MS,9,262.5,45,59,81,138,538,1040,1725,2850,2024-12-01
MS,10,285,44,59,87,145,590,1193,1843,2786,2024-12-08
MS,11,327,52,67,95,169,670,1282,2185,3372,2024-12-15
MS,12,362,64,81,109,190,747,1433,2366,3848,2024-12-22
MS,13,416.5,69,94,129,230,860,1660,2401,3812,2024-12-29
MS,14,475,74,95,142,250,978,1883,3184,5440,2025-01-05
MS,15,578,99,128,179,307,1172,2327,3549,6172,2025-01-12
MS,16,647.5,108,139,196,345,1315,2582,4091,6876,2025-01-19
MS,17,725,119,158,225,390,1530,3038,4832,7440,2025-01-26
MS,18,824,133,180,247,431,1650,3105,4649,6899,2025-02-02
MS,19,865,143,193,271,458,1713,3393,5334,8351,2025-02-09
MS,20,904,158,198,284,476,1844,3638,5457,9340,2025-02-16
MS,21,961.5,178,234,306,523,1967,3896,6145,8619,2025-02-23
MS,22,977.5,165,210,297,510,1946,4138,5954,9011,2025-03-02
MS,23,1029.5,179,228,307,533,2037,3889,6413,9678,2025-03-09
MS,24,1021,165,217,307,533,2071,4074,6501,10086,2025-03-16
MS,25,1003.5,169,219,315,528,1958,4042,6762,10098,2025-03-23
MS,26,979,155,213,297,511,1949,3867,6882,10598,2025-03-30
MS,27,924,150,192,273,488,1876,3789,6029,9590,2025-04-06
MS,28,901.5,140,193,264,463,1806,3607,5876,9967,2025-04-13
MS,29,827,133,179,252,429,1666,3248,5096,7215,2025-04-20
MS,30,743.5,114,156,229,395,1477,2914,4993,7648,2025-04-27
MS,31,651,103,138,193,338,1286,2408,3913,5763,2025-05-04
MS,32,530,82,113,151,283,1077,2172,3376,5409,2025-05-11
MS,33,457,69,94,127,235,902,1724,2786,4233,2025-05-18
MS,34,363.5,60,81,109,188,726,1465,2303,3715,2025-05-25
MS,35,296,44,58,82,155,607,1207,1817,2751,2025-06-01
MS,36,244,37,50,74,129,496,964,1476,2265,2025-06-08
MS,37,198,33,45,62,107,405,828,1316,2248,2025-06-15
MS,38,167,26,36,51,91,342,698,1084,1675,2025-06-22
MS,39,141,20,28,42,74,285,602,960,1552,2025-06-29
MS,40,121,19,25,35,63,242,490,751,1118,2025-07-06
MS,41,104,17,22,31,55,207,404,629,1018,2025-07-13
MS,42,89,14,19,28,48,180,375,602,1053,2025-07-20
MS,43,84,12,17,25,42,165,349,545,811,2025-07-27
MS,44,76,12,16,23,40,155,285,425,751,2025-08-03
MS,45,71,11,15,20,38,137,284,432,694,2025-08-10
MS,46,69,11,15,20,36,135,267,400,563,2025-08-17
MS,47,66,11,15,21,35,129,257,370,553,2025-08-24
MS,48,69,10,15,21,36,134,275,395,646,2025-08-31
MS,49,72,11,15,21,38,141,269,431,687,2025-09-07
MS,50,75.5,11,15,22,40,145,278,463,753,2025-09-14
MS,51,81,13,17,25,43,154,303,448,759,2025-09-21
MS,52,90,13,20,27,47,172,318,499,726,2025-09-28
MT,1,103,34,41,51,68,155,241,331,469,2024-10-06
MT,2,112.5,36,45,56,79,169,267,354,465,2024-10-13
MT,3,126,42,50,62,85,193,290,398,569,2024-10-20
MT,4,145,48,57,71,100,219,343,468,613,2024-10-27
MT,5,169,55,65,81,114,256,387,572,722,2024-11-03
MT,6,194,63,74,92,134,293,470,640,897,2024-11-10
MT,7,226,73,88,108,154,348,543,735,1054,2024-11-17
MT,8,255,86,101,128,176,400,632,913,1223,2024-11-24
MT,9,276,91,110,137,191,430,675,996,1323,2024-12-01
MT,10,312.5,100,123,152,211,475,776,1046,1392,2024-12-08
MT,11,339.5,116,138,165,229,514,810,1056,1574,2024-12-15
MT,12,384.5,120,148,183,266,591,935,1289,1738,2024-12-22
MT,13,438,149,179,219,307,665,1072,1434,1989,2024-12-29
MT,14,516,170,204,254,352,766,1179,1578,2228,2025-01-05
MT,15,581,202,237,291,404,864,1361,1876,2642,2025-01-12
MT,16,664,214,273,333,457,992,1523,1969,2678,2025-01-19
MT,17,717.5,246,311,366,502,1083,1722,2248,3115,2025-01-26
MT,18,776.5,258,318,387,544,1161,1847,2472,3180,2025-02-02
MT,19,818,265,328,393,561,1243,1843,2485,3389,2025-02-09
MT,20,806.5,281,319,403,569,1214,1805,2465,3313,2025-02-16
MT,21,830,286,337,412,570,1214,1890,2480,3273,2025-02-23
MT,22,837,270,334,407,563,1228,1830,2478,3438,2025-03-02
MT,23,796.5,270,322,398,560,1209,1854,2586,3582,2025-03-09
MT,24,804.5,266,322,391,559,1189,1883,2453,3293,2025-03-16
MT,25,779,276,335,393,535,1177,1765,2380,3175,2025-03-23
MT,26,775,270,322,393,536,1137,1846,2375,3165,2025-03-30
MT,27,783,262,317,383,533,1163,1798,2422,3231,2025-04-06
MT,28,754.5,265,309,380,525,1144,1822,2437,3245,2025-04-13
MT,29,726,256,306,364,510,1110,1800,2596,3319,2025-04-20
MT,30,718,244,288,350,491,1056,1664,2270,3004,2025-04-27
MT,31,675,238,270,330,459,988,1589,2321,3041,2025-05-04
MT,32,624,214,258,307,425,950,1533,2220,3017,2025-05-11
MT,33,551,181,220,271,376,835,1342,1790,2502,2025-05-18
MT,34,492,166,199,243,337,766,1208,1684,2424,2025-05-25
MT,35,427,143,171,205,291,647,1019,1440,2128,2025-06-01
MT,36,364.5,118,144,179,248,566,865,1204,1702,2025-06-08
MT,37,320,107,127,153,215,496,799,1111,1489,2025-06-15
MT,38,272,91,108,131,183,412,642,879,1292,2025-06-22
MT,39,233,76,92,112,156,360,564,797,1081,2025-06-29
MT,40,196,66,80,97,134,307,480,630,835,2025-07-06
MT,41,172,54,67,83,118,259,399,561,752,2025-07-13
MT,42,147,52,60,74,102,222,349,517,656,2025-07-20
MT,43,133,42,53,64,90,200,312,439,637,2025-07-27
MT,44,124,41,48,59,84,187,292,398,555,2025-08-03
MT,45,111,37,43,54,77,168,268,362,475,2025-08-10
MT,46,103,34,43,52,72,155,237,329,444,2025-08-17
MT,47,99,32,38,48,68,150,236,313,421,2025-08-24
MT,48,93,29,36,46,63,139,221,293,397,2025-08-31
MT,49,92,29,34,43,62,138,209,298,388,2025-09-07
MT,50,92,30,36,44,64,138,215,292,416,2025-09-14
MT,51,94,30,36,46,66,137,215,285,360,2025-09-21
MT,52,98,31,38,47,67,148,224,302,379,2025-09-28
PA,1,51,15,19,24,34,75,106,137,163,2024-10-06
PA,2,52,15,19,24,35,75,108,134,176,2024-10-13
PA,3,53,16,20,25,36,76,111,139,177,2024-10-20
PA,4,54,16,19,25,36,78,113,146,191,2024-10-27
PA,5,59,17,22,29,40,87,121,157,212,2024-11-03
PA,6,63,19,24,29,43,92,135,169,210,2024-11-10
PA,7,71,22,27,34,49,103,148,194,235,2024-11-17
PA,8,76,24,29,35,51,110,163,209,260,2024-11-24
PA,9,76,24,28,36,52,111,164,207,254,2024-12-01
PA,10,78,24,30,38,54,113,162,214,269,2024-12-08
PA,11,83,27,32,39,58,122,172,214,267,2024-12-15
PA,12,94,28,35,45,65,135,195,244,307,2024-12-22
PA,13,116,33,42,56,79,166,231,295,382,2024-12-29
PA,14,146,46,56,69,100,216,308,374,472,2025-01-05
PA,15,183,62,73,91,125,263,386,493,627,2025-01-12
PA,16,215,74,86,103,147,317,446,582,682,2025-01-19
PA,17,253,78,95,117,172,374,525,699,846,2025-01-26
PA,18,265,85,105,130,181,395,563,699,914,2025-02-02
PA,19,284.5,92,112,145,199,414,605,732,918,2025-02-09
PA,20,288,98,115,142,195,418,597,745,984,2025-02-16
PA,21,287,90,114,142,200,405,589,768,957,2025-02-23
PA,22,278.5,95,114,140,193,415,584,727,905,2025-03-02
PA,23,270.5,93,112,134,190,394,564,741,927,2025-03-09
PA,24,258,81,103,126,178,375,524,678,841,2025-03-16
PA,25,250,82,96,122,170,361,497,610,755,2025-03-23
PA,26,229,76,90,111,157,336,488,595,781,2025-03-30
PA,27,223,74,87,105,148,319,457,573,721,2025-04-06
PA,28,201.5,67,82,100,143,294,432,566,703,2025-04-13
PA,29,194,60,72,92,130,276,411,539,715,2025-04-20
PA,30,174,60,69,86,120,256,373,462,602,2025-04-27
PA,31,166,51,63,76,113,241,342,434,533,2025-05-04
PA,32,145,48,59,73,100,210,303,376,462,2025-05-11
PA,33,127,40,50,64,89,184,273,351,432,2025-05-18
PA,34,115,38,45,55,77,164,244,302,367,2025-05-25
PA,35,102,31,38,48,71,147,211,274,332,2025-06-01
PA,36,89,27,36,44,61,129,187,252,339,2025-06-08
PA,37,80,24,30,38,55,116,167,210,277,2025-06-15
PA,38,71,22,28,34,49,105,148,187,235,2025-06-22
PA,39,65,21,26,32,45,96,135,176,217,2025-06-29
PA,40,62,19,23,31,43,90,126,164,214,2025-07-06
PA,41,60,17,22,29,40,86,126,162,202,2025-07-13
PA,42,59,17,22,28,40,84,123,164,194,2025-07-20
PA,43,59,17,22,28,41,85,126,166,202,2025-07-27
PA,44,58,18,23,28,40,85,125,159,214,2025-08-03
PA,45,57,17,22,27,40,83,124,157,194,2025-08-10
PA,46,58,18,21,27,40,84,122,159,199,2025-08-17
PA,47,54,16,21,26,36,80,117,152,203,2025-08-24
PA,48,52,16,19,24,35,76,111,143,180,2025-08-31
PA,49,51,16,20,25,35,75,113,143,181,2025-09-07
PA,50,51,15,18,23,34,73,104,132,166,2025-09-14
PA,51,51,14,19,24,34,74,105,136,180,2025-09-21
PA,52,50,16,19,24,33,72,109,135,168,2025-09-28
PB,1,124,27,35,46,77,201,324,443,571,2024-10-06
PB,2,110,21,31,42,66,181,295,391,522,2024-10-13
PB,3,103,20,27,36,62,171,267,353,448,2024-10-20
PB,4,93,19,26,36,56,156,248,324,406,2024-10-27
PB,5,88,17,23,33,53,149,240,338,428,2024-11-03
PB,6,88,17,23,32,51,146,236,311,443,2024-11-10
PB,7,84,15,21,29,51,142,226,305,408,2024-11-17
PB,8,80,16,22,30,48,132,218,303,381,2024-11-24
PB,9,80,17,22,30,48,134,207,281,391,2024-12-01
PB,10,80,16,22,30,49,135,209,283,383,2024-12-08
PB,11,83,17,23,31,50,136,216,287,355,2024-12-15
PB,12,89,18,22,33,54,140,224,301,390,2024-12-22
PB,13,94.5,20,27,36,57,155,259,348,500,2024-12-29
PB,14,106,23,29,40,65,176,281,386,519,2025-01-05
PB,15,126,26,33,44,75,208,325,437,582,2025-01-12
PB,16,144,32,43,57,89,238,383,500,677,2025-01-19
PB,17,166,41,49,65,99,272,455,611,839,2025-01-26
PB,18,196,44,57,76,120,326,529,706,942,2025-02-02
PB,19,227,50,64,87,138,384,601,807,1066,2025-02-09
PB,20,273,60,79,103,166,440,707,923,1241,2025-02-16
PB,21,309,66,94,119,190,501,795,1104,1412,2025-02-23
PB,22,334,80,101,134,203,558,866,1235,1726,2025-03-02
PB,23,363.5,82,103,140,221,614,972,1320,1721,2025-03-09
PB,24,391.5,93,117,156,241,652,1062,1481,1915,2025-03-16
PB,25,425,95,116,159,257,683,1081,1573,2144,2025-03-23
PB,26,432.5,93,122,164,264,700,1131,1528,2130,2025-03-30
PB,27,444.5,90,118,166,273,718,1132,1538,2383,2025-04-06
PB,28,456.5,99,132,174,275,749,1166,1644,2332,2025-04-13
PB,29,477,114,147,195,290,799,1260,1780,2309,2025-04-20
PB,30,472,104,131,185,288,795,1223,1671,2406,2025-04-27
PB,31,479.5,113,139,183,294,808,1240,1828,2537,2025-05-04
PB,32,495,105,133,180,293,790,1219,1604,2331,2025-05-11
PB,33,482,100,138,183,296,789,1290,1769,2386,2025-05-18
PB,34,454,106,136,183,278,731,1210,1630,2238,2025-05-25
PB,35,444.5,93,129,171,279,745,1179,1690,2232,2025-06-01
PB,36,432,100,123,163,255,707,1111,1499,2130,2025-06-08
PB,37,402,93,120,157,249,664,1036,1429,1873,2025-06-15
PB,38,395,84,116,155,238,634,1007,1388,1845,2025-06-22
PB,39,366,83,113,144,227,606,964,1302,1691,2025-06-29
PB,40,344,81,101,136,211,578,937,1258,1647,2025-07-06
PB,41,336,79,101,132,202,553,929,1265,1613,2025-07-13
PB,42,308,64,85,117,188,513,847,1112,1460,2025-07-20
PB,43,287,61,81,114,173,462,749,1005,1277,2025-07-27
PB,44,283,58,77,106,168,445,683,924,1227,2025-08-03
PB,45,248,53,71,96,151,405,653,891,1194,2025-08-10
PB,46,231,53,66,86,143,386,627,816,1058,2025-08-17
PB,47,213,44,56,78,127,347,553,769,1057,2025-08-24
PB,48,199,40,54,72,118,328,528,713,939,2025-08-31
PB,49,174,38,50,68,109,299,481,616,823,2025-09-07
PB,50,163,35,44,60,96,271,433,592,780,2025-09-14
PB,51,149,30,39,54,87,246,395,555,710,2025-09-21
PB,52,138,26,36,50,81,234,366,464,599,2025-09-28
PE,1,296,54,70,92,160,530,975,1393,2119,2024-10-06
PE,2,291,48,64,94,161,510,951,1413,1918,2024-10-13
PE,3,277.5,47,65,87,153,509,934,1461,2172,2024-10-20
PE,4,269.5,53,69,93,155,483,856,1374,2005,2024-10-27
PE,5,261,45,62,85,150,484,872,1345,2050,2024-11-03
PE,6,252,46,58,81,139,455,877,1232,1768,2024-11-10
PE,7,253,46,62,85,143,451,826,1229,1915,2024-11-17
PE,8,236,41,56,82,135,432,784,1117,1555,2024-11-24
PE,9,237,41,54,78,134,428,773,1152,1573,2024-12-01
PE,10,226,38,53,74,125,422,739,1162,1605,2024-12-08
PE,11,222,43,55,74,120,390,702,1073,1586,2024-12-15
PE,12,219,41,54,74,123,405,744,1075,1533,2024-12-22
PE,13,227,38,53,73,128,410,747,1118,1546,2024-12-29
PE,14,232,43,57,82,136,427,777,1118,1529,2025-01-05
PE,15,253.5,49,61,84,138,468,837,1272,1700,2025-01-12
PE,16,271,49,65,94,159,500,867,1273,1907,2025-01-19
PE,17,308,55,78,103,171,540,1002,1556,2214,2025-01-26
PE,18,338,64,83,116,193,609,1072,1528,2193,2025-02-02
PE,19,369,72,91,123,208,675,1268,1873,2613,2025-02-09
PE,20,435,87,113,146,244,751,1344,1910,2679,2025-02-16
PE,21,470,93,125,161,270,823,1575,2208,3148,2025-02-23
PE,22,502,100,131,174,289,924,1605,2392,3203,2025-03-02
PE,23,543.5,103,141,189,316,1007,1875,2558,3544,2025-03-09
PE,24,582.5,119,150,205,341,1050,1867,2664,3587,2025-03-16
PE,25,636.5,118,159,222,368,1087,1979,2939,4122,2025-03-23
PE,26,667.5,139,178,245,392,1207,2235,3185,4583,2025-03-30
PE,27,718.5,136,192,260,416,1266,2164,3234,4515,2025-04-06
PE,28,749.5,141,185,258,424,1366,2379,3304,4588,2025-04-13
PE,29,771,154,196,277,438,1305,2314,3501,5291,2025-04-20
PE,30,773,165,217,289,462,1412,2336,3390,4901,2025-04-27
PE,31,810,168,218,281,466,1435,2573,4049,5133,2025-05-04
PE,32,794.5,170,205,268,457,1389,2549,3601,4914,2025-05-11
PE,33,777,167,212,285,452,1367,2455,3466,5035,2025-05-18
PE,34,739,146,190,257,431,1328,2343,3252,4634,2025-05-25
PE,35,702,147,191,261,414,1246,2226,3230,4748,2025-06-01
PE,36,682.5,133,175,240,405,1259,2177,3140,4364,2025-06-08
PE,37,641.5,121,159,220,362,1131,2011,2813,3926,2025-06-15
PE,38,592.5,121,157,204,343,1087,1921,2956,4141,2025-06-22
PE,39,578,104,136,196,326,1036,1815,2592,3777,2025-06-29
PE,40,553.5,97,134,181,313,973,1797,2736,3969,2025-07-06
PE,41,500,99,131,170,286,878,1555,2363,3653,2025-07-13
PE,42,454,83,111,161,262,862,1560,2529,3411,2025-07-20
PE,43,440,83,109,154,259,827,1479,2235,3005,2025-07-27
PE,44,422,78,96,142,242,774,1393,2099,2825,2025-08-03
PE,45,402,70,97,139,228,738,1319,2016,2811,2025-08-10
PE,46,385,67,89,120,206,709,1333,2028,2845,2025-08-17
PE,47,367,60,77,109,206,679,1252,1930,2528,2025-08-24
PE,48,347.5,64,83,117,196,628,1229,1802,2515,2025-08-31
PE,49,328,55,73,109,182,603,1142,1658,2436,2025-09-07
PE,50,323.5,60,73,97,175,591,1023,1588,2335,2025-09-14
PE,51,304,51,72,105,175,559,1136,1602,2223,2025-09-21
PE,52,294,53,73,98,164,552,1087,1543,2116,2025-09-28
PI,1,20,4,5,7,11,34,55,73,98,2024-10-06
PI,2,19,3,4,6,11,31,51,69,88,2024-10-13
PI,3,17,3,4,5,10,30,49,69,87,2024-10-20
PI,4,17,3,4,6,10,29,49,68,89,2024-10-27
PI,5,17,3,4,6,10,30,47,68,93,2024-11-03
PI,6,18,3,4,6,10,30,51,72,94,2024-11-10
PI,7,19,3,4,6,11,31,53,72,98,2024-11-17
PI,8,20,3,4,6,11,34,57,74,100,2024-11-24
PI,9,20,4,5,7,11,34,57,76,98,2024-12-01
PI,10,22,4,5,7,13,37,61,82,107,2024-12-08
PI,11,24.5,4,6,8,14,40,65,89,116,2024-12-15
PI,12,28,5,7,10,16,49,79,110,142,2024-12-22
PI,13,35,6,8,12,20,57,95,130,165,2024-12-29
PI,14,43,9,11,15,26,71,110,153,198,2025-01-05
PI,15,52,12,15,20,32,88,133,191,259,2025-01-12
PI,16,65,16,21,27,41,107,173,230,293,2025-01-19
PI,17,81,19,25,31,49,131,201,274,337,2025-01-26
PI,18,97,24,31,39,61,156,242,317,417,2025-02-02
PI,19,115,30,37,48,72,189,300,386,493,2025-02-09
PI,20,132,36,45,56,85,216,337,449,592,2025-02-16
PI,21,157.5,42,52,66,101,252,409,540,686,2025-02-23
PI,22,187.5,51,62,80,119,291,451,615,828,2025-03-02
PI,23,212,56,72,93,138,332,535,704,958,2025-03-09
PI,24,244,60,75,101,157,394,607,811,1049,2025-03-16
PI,25,266.5,72,90,115,172,421,667,902,1152,2025-03-23
PI,26,291,82,100,121,179,465,726,943,1205,2025-03-30
PI,27,317,89,108,136,204,500,784,1002,1318,2025-04-06
PI,28,340,88,107,142,208,528,802,1016,1425,2025-04-13
PI,29,336,94,116,146,219,546,859,1157,1467,2025-04-20
PI,30,348.5,96,121,154,221,548,879,1139,1448,2025-04-27
PI,31,333,97,117,152,220,527,808,1060,1379,2025-05-04
PI,32,329,99,115,144,216,520,826,1081,1382,2025-05-11
PI,33,306,84,105,135,198,488,772,994,1218,2025-05-18
PI,34,272.5,76,93,119,175,438,669,864,1174,2025-05-25
PI,35,242,73,89,111,160,391,602,789,1070,2025-06-01
PI,36,218,62,77,98,145,350,531,727,1028,2025-06-08
PI,37,192,53,68,85,123,310,468,621,777,2025-06-15
PI,38,170,47,58,75,111,262,408,548,710,2025-06-22
PI,39,153.5,36,47,63,95,240,361,482,637,2025-06-29
PI,40,131,37,45,58,84,205,314,428,535,2025-07-06
PI,41,112,31,38,49,74,181,286,382,499,2025-07-13
PI,42,101,27,34,45,66,161,254,338,473,2025-07-20
PI,43,89,23,28,37,57,145,225,298,401,2025-07-27
PI,44,80,21,26,34,51,125,206,294,388,2025-08-03
PI,45,70,16,22,29,43,109,171,234,316,2025-08-10
PI,46,58,14,18,23,35,92,150,209,280,2025-08-17
PI,47,48,11,14,19,29,79,124,168,249,2025-08-24
PI,48,40,10,12,16,26,65,110,139,190,2025-08-31
PI,49,33,9,11,14,21,56,87,120,159,2025-09-07
PI,50,30,6,8,11,18,47,78,108,145,2025-09-14
PI,51,25,5,7,10,15,41,68,96,127,2025-09-21
PI,52,21,4,6,8,13,36,61,83,114,2025-09-28
PR,1,253.5,27,40,61,115,636,1517,2796,4544,2024-10-06
PR,2,290.5,30,42,62,125,676,1738,3050,5733,2024-10-13
PR,3,303.5,35,47,67,138,726,1774,3141,5440,2024-10-20
PR,4,336,33,51,77,157,827,2028,3844,6847,2024-10-27
PR,5,380.5,39,54,86,177,849,2170,4165,7339,2024-11-03
PR,6,415,45,66,100,196,988,2479,4369,7268,2024-11-10
PR,7,469.5,46,67,107,214,1142,2856,4920,9064,2024-11-17
PR,8,507.5,53,82,122,240,1287,3316,5913,9430,2024-11-24
PR,9,565.5,64,88,132,265,1386,3482,6399,11569,2024-12-01
PR,10,623,65,93,138,282,1520,3993,8012,13061,2024-12-08
PR,11,716,74,104,164,345,1649,4176,7563,12697,2024-12-15
PR,12,788,89,120,178,370,1903,4618,8645,15868,2024-12-22
PR,13,944,102,142,218,440,2313,5540,9468,18387,2024-12-29
PR,14,1119,113,162,248,510,2716,6553,11020,20248,2025-01-05
PR,15,1305.5,151,216,312,594,3188,8163,13514,23693,2025-01-12
PR,16,1756.5,176,261,392,782,3988,9982,17107,28067,2025-01-19
PR,17,1914.5,231,308,473,894,4816,11878,21150,33328,2025-01-26
PR,18,2487.5,305,395,586,1121,5656,13616,25257,48769,2025-02-02
PR,19,2829,323,461,646,1282,6828,16468,28123,48425,2025-02-09
PR,20,3339.5,367,516,782,1548,8051,19165,35300,65780,2025-02-16
PR,21,3887,423,639,916,1700,9623,21577,38301,68653,2025-02-23
PR,22,4300,453,663,1000,2054,9997,25227,40990,74871,2025-03-02
PR,23,4543.5,549,723,1045,2168,10894,27029,54225,86250,2025-03-09
PR,24,5136,533,791,1212,2342,12296,30149,54236,92384,2025-03-16
PR,25,5567,624,862,1240,2554,12615,32442,60558,97942,2025-03-23
PR,26,5811.5,645,926,1324,2659,13612,32391,62344,109265,2025-03-30
PR,27,5638.5,658,947,1313,2597,14121,31793,60412,111779,2025-04-06
PR,28,5561,606,859,1283,2568,12824,33156,54085,104185,2025-04-13
PR,29,5026.5,550,804,1175,2284,12016,29483,54336,84877,2025-04-20
PR,30,4478,478,694,1015,2124,10528,25042,46024,75362,2025-04-27
PR,31,3850,423,571,853,1797,9648,22027,38892,60509,2025-05-04
PR,32,3059,335,448,702,1367,7394,17511,30425,52783,2025-05-11
PR,33,2339,264,382,565,1110,5570,14052,26331,45426,2025-05-18
PR,34,1810,214,310,433,810,4284,10791,20329,37811,2025-05-25
PR,35,1389,160,214,313,632,3392,8309,14485,25569,2025-06-01
PR,36,1084.5,129,184,261,508,2554,6311,10899,19725,2025-06-08
PR,37,846.5,88,133,206,404,2040,5113,9070,15767,2025-06-15
PR,38,667,72,105,154,302,1533,4125,6702,11443,2025-06-22
PR,39,510.5,56,84,129,242,1243,2960,5195,8617,2025-06-29
PR,40,404.5,47,60,92,183,961,2356,4521,8084,2025-07-06
PR,41,339,38,53,81,156,794,1856,3517,5803,2025-07-13
PR,42,287.5,28,42,67,132,668,1616,2915,4669,2025-07-20
PR,43,243.5,27,40,58,116,578,1415,2551,4853,2025-07-27
PR,44,218,24,34,52,100,540,1242,2213,4240,2025-08-03
PR,45,202.5,21,32,46,95,488,1210,2142,3472,2025-08-10
PR,46,194,21,29,46,88,476,1153,1995,3558,2025-08-17
PR,47,198,20,29,47,87,489,1198,2189,3420,2025-08-24
PR,48,199,19,29,43,91,474,1107,2035,3636,2025-08-31
PR,49,209,21,28,46,92,459,1150,1915,4128,2025-09-07
PR,50,213,25,36,49,95,483,1247,2406,3795,2025-09-14
PR,51,223,23,35,52,102,524,1315,2217,4294,2025-09-21
PR,52,239,26,37,54,107,578,1458,2621,4660,2025-09-28
RJ,1,90,2,4,10,30,264,626,1216,2459,2024-10-06
RJ,2,97.5,3,6,12,31,261,664,1180,2310,2024-10-13
RJ,3,102,3,6,11,34,288,729,1185,2189,2024-10-20
RJ,4,103.5,3,6,13,35,294,761,1573,2581,2024-10-27
RJ,5,112,3,7,14,37,322,853,1562,2719,2024-11-03
RJ,6,119,4,7,15,41,331,830,1593,2905,2024-11-10
RJ,7,134.5,4,9,17,48,368,963,1650,3121,2024-11-17
RJ,8,147,4,9,18,48,409,1046,1764,3507,2024-11-24
RJ,9,165,6,10,20,56,451,1117,2008,3409,2024-12-01
RJ,10,173,6,11,23,62,500,1342,2362,3713,2024-12-08
RJ,11,204,7,13,25,70,563,1430,2721,4611,2024-12-15
RJ,12,224,7,14,29,84,624,1628,3000,5000,2024-12-22
RJ,13,265.5,10,17,33,86,730,1917,3339,6327,2024-12-29
RJ,14,299.5,9,18,35,96,834,2154,4213,6389,2025-01-05
RJ,15,336,12,21,42,111,907,2359,4485,7844,2025-01-12
RJ,16,384,14,23,48,125,1096,2923,5122,8686,2025-01-19
RJ,17,412,16,26,56,142,1226,3172,6220,11276,2025-01-26
RJ,18,470.5,16,31,56,154,1314,3233,6003,10146,2025-02-02
RJ,19,501,19,31,61,179,1468,3741,7428,12809,2025-02-09
RJ,20,547.5,22,33,64,201,1574,3794,6671,11615,2025-02-16
RJ,21,587,20,34,69,192,1739,4399,8099,13639,2025-02-23
RJ,22,650,19,37,76,222,1838,4733,8089,13025,2025-03-02
RJ,23,684,20,43,95,244,1956,4733,8543,14363,2025-03-09
RJ,24,695.5,27,48,89,252,2057,4995,9465,16028,2025-03-16
RJ,25,744,25,51,94,250,2054,4890,9241,14733,2025-03-23
RJ,26,702,25,44,89,247,2104,5381,10271,17307,2025-03-30
RJ,27,736,23,41,91,254,2092,5095,8919,16992,2025-04-06
RJ,28,684,27,48,90,248,1882,4907,9211,15951,2025-04-13
RJ,29,734,30,57,94,249,2023,4808,8845,16462,2025-04-20
RJ,30,710,20,42,88,231,1947,5154,8983,15010,2025-04-27
RJ,31,633.5,23,43,74,207,1752,4532,8125,15138,2025-05-04
RJ,32,572.5,20,37,72,208,1754,4439,7070,12388,2025-05-11
RJ,33,514,18,35,66,180,1480,3526,6239,11817,2025-05-18
RJ,34,453.5,15,28,52,155,1349,3295,6668,10047,2025-05-25
RJ,35,413,15,28,53,137,1139,3049,5308,9574,2025-06-01
RJ,36,351,11,23,44,124,1019,2430,4572,8710,2025-06-08
RJ,37,308,10,20,42,107,919,2247,3736,7147,2025-06-15
RJ,38,263.5,9,17,33,92,767,1953,3390,6154,2025-06-22
RJ,39,246,8,16,29,80,690,1690,3196,6036,2025-06-29
RJ,40,211,7,15,26,74,586,1403,2622,4814,2025-07-06
RJ,41,181,6,11,23,65,542,1308,2315,4231,2025-07-13
RJ,42,160,5,9,20,60,456,1177,2186,4016,2025-07-20
RJ,43,152,5,9,18,49,410,1078,2080,3712,2025-07-27
RJ,44,131,4,8,17,44,364,1027,1822,2931,2025-08-03
RJ,45,126,4,7,14,40,347,805,1496,2458,2025-08-10
RJ,46,108.5,4,7,13,38,301,769,1357,2356,2025-08-17
RJ,47,101,3,6,12,34,295,735,1425,2321,2025-08-24
RJ,48,98,2,6,11,33,277,677,1176,2045,2025-08-31
RJ,49,90,3,6,12,32,252,680,1214,2446,2025-09-07
RJ,50,85.5,3,6,11,30,252,673,1177,2210,2025-09-14
RJ,51,90,2,5,12,29,258,681,1197,2171,2025-09-21
RJ,52,96,3,6,12,32,251,700,1218,2263,2025-09-28
RN,1,120,18,25,38,65,236,425,629,861,2024-10-06
RN,2,114,17,24,34,62,222,382,546,745,2024-10-13
RN,3,108,15,21,30,57,204,357,517,684,2024-10-20
RN,4,95.5,14,18,28,50,188,357,506,733,2024-10-27
RN,5,92,12,17,25,45,174,325,504,720,2024-11-03
RN,6,86,12,17,24,46,169,305,465,623,2024-11-10
RN,7,79,10,15,23,42,158,299,430,643,2024-11-17
RN,8,79,10,15,23,41,158,290,449,655,2024-11-24
RN,9,79,11,15,22,40,150,278,420,586,2024-12-01
RN,10,80,11,16,24,43,161,306,445,645,2024-12-08
RN,11,83,11,16,24,43,165,315,468,637,2024-12-15
RN,12,89.5,12,18,26,47,180,341,503,731,2024-12-22
RN,13,102,12,18,28,52,194,380,574,795,2024-12-29
RN,14,120,15,22,33,63,235,475,666,957,2025-01-05
RN,15,144.5,18,26,40,74,282,552,845,1156,2025-01-12
RN,16,163,22,31,43,86,324,642,956,1353,2025-01-19
RN,17,206,25,35,53,102,405,762,1066,1682,2025-01-26
RN,18,239.5,26,43,66,120,461,939,1436,2038,2025-02-02
RN,19,274,36,52,77,142,558,1046,1459,2158,2025-02-09
RN,20,333,43,61,91,168,644,1217,1935,2714,2025-02-16
RN,21,379,52,71,106,200,755,1452,2038,2987,2025-02-23
RN,22,407,52,77,111,207,801,1455,2263,3275,2025-03-02
RN,23,421.5,57,82,119,221,822,1623,2358,3046,2025-03-09
RN,24,461.5,61,87,133,232,895,1686,2541,3671,2025-03-16
RN,25,467.5,61,89,128,244,952,1772,2454,3299,2025-03-23
RN,26,484,65,97,144,252,928,1690,2292,3356,2025-03-30
RN,27,497,69,99,135,260,951,1794,2732,3719,2025-04-06
RN,28,517,71,100,147,271,962,1808,2582,3454,2025-04-13
RN,29,526.5,76,101,148,273,999,1868,2829,3888,2025-04-20
RN,30,506.5,78,107,158,282,981,1851,2503,3702,2025-04-27
RN,31,519,69,102,146,274,1044,1865,2646,3434,2025-05-04
RN,32,505,70,96,147,267,998,1847,2804,3943,2025-05-11
RN,33,482.5,68,98,146,269,921,1748,2572,3509,2025-05-18
RN,34,471,66,93,135,245,884,1637,2436,3170,2025-05-25
RN,35,445,65,88,134,249,863,1661,2390,3230,2025-06-01
RN,36,429.5,62,85,130,234,822,1570,2383,3320,2025-06-08
RN,37,419.5,58,84,123,223,814,1534,2235,2864,2025-06-15
RN,38,399.5,49,79,119,210,760,1435,2100,2798,2025-06-22
RN,39,379,50,70,111,202,720,1302,1894,2697,2025-06-29
RN,40,339,56,74,107,191,652,1192,1675,2182,2025-07-06
RN,41,325.5,47,66,98,175,641,1144,1659,2286,2025-07-13
RN,42,324.5,47,66,94,170,585,1032,1510,2150,2025-07-20
RN,43,298,43,58,90,157,574,1007,1502,2183,2025-07-27
RN,44,269.5,38,58,82,147,518,946,1404,2160,2025-08-03
RN,45,252.5,35,46,72,137,466,860,1224,1571,2025-08-10
RN,46,223,29,44,67,119,430,785,1128,1534,2025-08-17
RN,47,207.5,28,41,56,109,388,733,1143,1590,2025-08-24
RN,48,184.5,28,37,55,98,347,618,949,1383,2025-08-31
RN,49,171,24,33,49,90,314,577,819,1064,2025-09-07
RN,50,157,21,29,44,81,300,544,782,1181,2025-09-14
RN,51,142,19,29,42,76,272,493,705,958,2025-09-21
RN,52,135,18,26,39,70,257,460,641,932,2025-09-28
RO,1,20,2,3,5,10,41,77,117,161,2024-10-06
RO,2,23,3,4,6,12,45,87,128,189,2024-10-13
RO,3,25,3,4,7,13,51,99,144,224,2024-10-20
RO,4,30,4,5,9,16,57,112,173,239,2024-10-27
RO,5,36,3,6,10,18,69,129,195,278,2024-11-03
RO,6,41,5,7,11,21,82,163,243,360,2024-11-10
RO,7,48,6,9,14,25,95,175,258,386,2024-11-17
RO,8,55,8,11,16,29,108,201,333,459,2024-11-24
RO,9,64,8,13,19,33,122,231,349,505,2024-12-01
RO,10,73,10,13,19,36,143,258,378,556,2024-12-08
RO,11,81,11,15,23,42,152,280,441,679,2024-12-15
RO,12,92,13,19,28,46,184,350,500,725,2024-12-22
RO,13,110,14,22,31,59,207,382,574,848,2024-12-29
RO,14,124.5,18,25,36,65,230,466,706,1038,2025-01-05
RO,15,143,18,26,40,73,276,538,777,1239,2025-01-12
RO,16,151.5,18,28,43,80,305,618,870,1378,2025-01-19
RO,17,165,24,33,48,85,319,611,974,1454,2025-01-26
RO,18,173,26,37,53,92,344,684,1039,1623,2025-02-02
RO,19,177.5,27,35,51,94,358,696,1091,1696,2025-02-09
RO,20,180,22,34,52,94,356,670,1063,1783,2025-02-16
RO,21,173.5,24,33,50,89,344,643,987,1468,2025-02-23
RO,22,167,25,34,48,86,331,616,914,1416,2025-03-02
RO,23,155,21,30,43,77,307,557,877,1218,2025-03-09
RO,24,142,19,26,39,74,274,513,786,1140,2025-03-16
RO,25,128,17,24,35,67,254,487,723,1034,2025-03-23
RO,26,113.5,15,22,32,59,224,444,669,942,2025-03-30
RO,27,101,13,19,30,53,205,382,575,958,2025-04-06
RO,28,93,12,18,25,50,176,339,513,753,2025-04-13
RO,29,82,11,15,23,43,163,311,439,607,2025-04-20
RO,30,74,10,14,21,37,144,274,416,574,2025-04-27
RO,31,68,9,13,19,35,131,250,388,519,2025-05-04
RO,32,61,8,11,17,32,118,220,337,508,2025-05-11
RO,33,54,7,10,16,29,105,204,313,491,2025-05-18
RO,34,49,6,9,14,26,96,186,282,394,2025-05-25
RO,35,48,6,9,14,25,90,165,257,397,2025-06-01
RO,36,44.5,6,8,12,23,86,168,256,384,2025-06-08
RO,37,41,6,8,11,21,80,160,236,334,2025-06-15
RO,38,41,5,7,11,22,78,151,235,363,2025-06-22
RO,39,38,5,7,11,20,73,135,198,317,2025-06-29
RO,40,36,4,6,9,19,69,128,196,282,2025-07-06
RO,41,33,3,5,8,17,65,121,189,291,2025-07-13
RO,42,29,3,5,8,15,57,110,167,243,2025-07-20
RO,43,26,3,4,7,13,50,91,146,219,2025-07-27
RO,44,22,2,4,6,11,44,83,131,195,2025-08-03
RO,45,19,2,3,5,10,39,79,110,161,2025-08-10
RO,46,17,2,3,4,8,35,70,105,168,2025-08-17
RO,47,16,1,2,4,8,32,63,97,171,2025-08-24
RO,48,16,1,2,4,8,31,58,85,132,2025-08-31
RO,49,15,1,2,3,7,30,58,88,130,2025-09-07
RO,50,16,1,2,4,8,29,59,86,140,2025-09-14
RO,51,17,1,2,4,8,33,63,105,148,2025-09-21
RO,52,18,2,3,4,9,37,69,106,157,2025-09-28
RR,1,4,0,0,0,1,11,25,45,68,2024-10-06
RR,2,4,0,0,0,1,10,24,41,66,2024-10-13
RR,3,3,0,0,0,1,10,21,36,56,2024-10-20
RR,4,3,0,0,0,1,9,21,36,58,2024-10-27
RR,5,3,0,0,0,1,9,21,33,50,2024-11-03
RR,6,3,0,0,0,1,9,20,34,50,2024-11-10
RR,7,3,0,0,0,1,8,20,35,59,2024-11-17
RR,8,3,0,0,0,1,8,19,34,56,2024-11-24
RR,9,3,0,0,0,1,8,18,33,54,2024-12-01
RR,10,3,0,0,0,1,8,18,33,52,2024-12-08
RR,11,3,0,0,0,1,7,19,32,46,2024-12-15
RR,12,3,0,0,0,1,7,18,29,49,2024-12-22
RR,13,2,0,0,0,1,7,17,31,49,2024-12-29
RR,14,2,0,0,0,1,7,16,28,45,2025-01-05
RR,15,2,0,0,0,1,7,16,30,47,2025-01-12
RR,16,3,0,0,0,1,7,17,29,47,2025-01-19
RR,17,2,0,0,0,1,7,18,28,48,2025-01-26
RR,18,3,0,0,0,1,7,19,31,45,2025-02-02
RR,19,3,0,0,0,1,8,17,29,43,2025-02-09
RR,20,3,0,0,0,1,7,18,33,55,2025-02-16
RR,21,2,0,0,0,1,7,17,29,48,2025-02-23
RR,22,3,0,0,0,1,7,18,30,44,2025-03-02
RR,23,3,0,0,0,1,8,18,30,44,2025-03-09
RR,24,3,0,0,0,1,8,18,32,53,2025-03-16
RR,25,3,0,0,0,1,8,19,33,51,2025-03-23
RR,26,3,0,0,0,1,8,19,33,49,2025-03-30
RR,27,3,0,0,0,1,7,18,31,52,2025-04-06
RR,28,3,0,0,0,1,8,18,33,53,2025-04-13
RR,29,3,0,0,0,1,8,20,33,49,2025-04-20
RR,30,3,0,0,0,1,9,21,38,55,2025-04-27
RR,31,3,0,0,0,1,9,21,38,61,2025-05-04
RR,32,3,0,0,0,1,9,22,39,60,2025-05-11
RR,33,3,0,0,0,1,9,21,36,65,2025-05-18
RR,34,3,0,0,0,1,9,22,35,60,2025-05-25
RR,35,3,0,0,0,1,10,23,38,64,2025-06-01
RR,36,4,0,0,0,1,10,23,38,57,2025-06-08
RR,37,4,0,0,0,1,10,24,39,64,2025-06-15
RR,38,4,0,0,0,1,10,23,44,69,2025-06-22
RR,39,4,0,0,0,1,10,27,46,72,2025-06-29
RR,40,4,0,0,0,1,11,26,44,71,2025-07-06
RR,41,4,0,0,0,1,11,27,45,72,2025-07-13
RR,42,4,0,0,0,1,12,27,47,70,2025-07-20
RR,43,4,0,0,0,1,11,26,44,75,2025-07-27
RR,44,4,0,0,0,1,11,29,47,67,2025-08-03
RR,45,4,0,0,0,1,12,27,47,72,2025-08-10
RR,46,4,0,0,0,1,12,29,46,88,2025-08-17
RR,47,4,0,0,0,1,12,28,48,75,2025-08-24
RR,48,4,0,0,0,1,12,28,47,76,2025-08-31
RR,49,4,0,0,0,1,12,31,52,74,2025-09-07
RR,50,4,0,0,0,1,11,26,46,71,2025-09-14
RR,51,4,0,0,0,1,11,27,44,73,2025-09-21
RR,52,4,0,0,0,1,10,27,48,80,2025-09-28
RS,1,11,0,1,2,4,30,95,200,367,2024-10-06
RS,2,11,1,1,2,5,31,91,192,397,2024-10-13
RS,3,11,0,1,2,4,31,91,194,421,2024-10-20
RS,4,13,1,1,2,5,32,105,232,422,2024-10-27
RS,5,14,1,1,2,6,38,106,224,478,2024-11-03
RS,6,16,1,2,3,7,45,128,269,571,2024-11-10
RS,7,19,1,2,3,8,51,149,319,738,2024-11-17
RS,8,23,1,2,4,9,63,181,396,693,2024-11-24
RS,9,27,2,3,5,12,79,228,443,964,2024-12-01
RS,10,32,2,4,6,14,83,254,589,1168,2024-12-08
RS,11,36,3,4,7,16,92,329,665,1484,2024-12-15
RS,12,39,3,4,7,16,110,308,644,1345,2024-12-22
RS,13,44,3,5,8,18,119,286,651,1407,2024-12-29
RS,14,49,4,6,9,21,131,352,718,1304,2025-01-05
RS,15,59,5,7,12,24,159,419,907,1758,2025-01-12
RS,16,71,6,9,14,30,191,526,1031,1826,2025-01-19
RS,17,93,8,11,18,39,238,707,1546,2862,2025-01-26
RS,18,121.5,12,17,24,50,311,818,1877,3991,2025-02-02
RS,19,163,15,21,33,67,439,1245,2373,4781,2025-02-09
RS,20,219.5,19,30,46,93,604,1797,3870,8379,2025-02-16
RS,21,319,30,41,60,128,842,2698,5125,9296,2025-02-23
RS,22,448,39,56,81,180,1228,3302,6516,14130,2025-03-02
RS,23,547.5,47,71,111,220,1524,3900,9048,20639,2025-03-09
RS,24,735,58,86,137,285,1984,5148,11858,25145,2025-03-16
RS,25,855,76,108,164,364,2369,6341,14807,32843,2025-03-23
RS,26,1021,89,131,196,406,2636,7594,15392,30126,2025-03-30
RS,27,1086.5,91,142,216,452,2962,8778,18744,49999,2025-04-06
RS,28,1149,88,131,212,467,3039,8893,20548,47892,2025-04-13
RS,29,1077.5,88,126,196,426,2973,9269,22864,47626,2025-04-20
RS,30,915.5,74,106,175,371,2635,6915,13811,29907,2025-04-27
RS,31,667.5,65,86,131,276,1854,5565,14574,30533,2025-05-04
RS,32,518.5,47,66,103,215,1358,4068,9585,23891,2025-05-11
RS,33,358,30,45,70,152,1020,3552,7988,19371,2025-05-18
RS,34,267,21,30,50,107,745,2297,5021,11605,2025-05-25
RS,35,184,15,20,33,73,500,1547,3460,8062,2025-06-01
RS,36,128,10,15,23,53,388,1197,2522,6170,2025-06-08
RS,37,93.5,7,11,17,38,276,788,1835,4497,2025-06-15
RS,38,71,6,8,13,28,186,586,1179,2692,2025-06-22
RS,39,54,4,7,11,23,154,471,1025,2514,2025-06-29
RS,40,39,3,5,8,17,115,352,802,1619,2025-07-06
RS,41,33,2,4,6,13,91,266,558,1181,2025-07-13
RS,42,27,2,3,5,11,69,233,484,991,2025-07-20
RS,43,22,2,3,5,9,61,177,446,843,2025-07-27
RS,44,19,1,2,4,8,49,143,323,756,2025-08-03
RS,45,17,1,1,3,7,43,131,289,666,2025-08-10
RS,46,14,1,1,2,6,38,118,243,501,2025-08-17
RS,47,14,0,1,2,6,37,102,221,446,2025-08-24
RS,48,13,1,1,2,5,35,107,234,443,2025-08-31
RS,49,13,1,1,2,5,31,85,186,457,2025-09-07
RS,50,12,1,1,2,5,32,88,196,359,2025-09-14
RS,51,12,0,1,2,5,31,97,212,392,2025-09-21
RS,52,12,0,1,2,5,30,88,195,374,2025-09-28
SC,1,25,1,2,4,9,73,264,623,1568,2024-10-06
SC,2,25,1,2,4,9,77,254,558,1395,2024-10-13
SC,3,26,1,3,4,10,73,247,542,1570,2024-10-20
SC,4,29,2,2,5,11,83,261,624,1600,2024-10-27
SC,5,32,2,3,5,12,97,323,734,1714,2024-11-03
SC,6,39,2,3,6,14,104,345,770,1996,2024-11-10
SC,7,45,3,4,8,16,128,409,956,2464,2024-11-17
SC,8,53,3,6,9,21,160,494,1158,3306,2024-11-24
SC,9,59.5,5,7,11,24,173,527,1319,3294,2024-12-01
SC,10,70,5,8,13,27,211,686,1720,3895,2024-12-08
SC,11,79,6,9,14,30,242,756,1731,4491,2024-12-15
SC,12,89,6,10,16,36,269,847,2221,5423,2024-12-22
SC,13,98,8,11,17,37,303,993,2694,5629,2024-12-29
SC,14,106,8,12,20,41,306,1107,2950,7683,2025-01-05
SC,15,117,9,14,22,48,357,1130,3727,10624,2025-01-12
SC,16,142,12,17,26,56,429,1680,3690,8578,2025-01-19
SC,17,179,13,19,29,67,522,1780,4649,10874,2025-01-26
SC,18,212,17,25,38,84,670,2172,5741,14130,2025-02-02
SC,19,280.5,19,32,50,106,841,2761,7503,19236,2025-02-09
SC,20,366.5,28,38,63,139,1054,3533,9620,23442,2025-02-16
SC,21,454,35,48,76,177,1358,4634,13092,36149,2025-02-23
SC,22,590,48,65,99,212,1832,6415,15947,36819,2025-03-02
SC,23,739,62,87,131,293,2220,7685,23697,59846,2025-03-09
SC,24,910,75,112,162,338,2886,10739,26102,69761,2025-03-16
SC,25,1145.5,94,137,198,432,3750,12992,33495,89739,2025-03-23
SC,26,1314.5,107,154,234,517,4248,14110,36295,102655,2025-03-30
SC,27,1525.5,114,174,276,574,4654,17260,44194,120458,2025-04-06
SC,28,1597,132,177,277,585,5362,19394,51189,117480,2025-04-13
SC,29,1697,107,181,277,603,5228,19194,42734,172521,2025-04-20
SC,30,1563.5,115,157,243,541,5444,19947,50683,175502,2025-04-27
SC,31,1386.5,107,157,231,512,4391,15581,48065,127908,2025-05-04
SC,32,1154,87,123,186,421,3863,14289,34095,96784,2025-05-11
SC,33,915,67,94,143,320,2860,11448,27475,78056,2025-05-18
SC,34,690,47,67,108,249,2366,9572,25927,75732,2025-05-25
SC,35,537.5,36,53,87,202,1700,6278,17447,46809,2025-06-01
SC,36,374.5,28,42,65,141,1258,4891,13828,42327,2025-06-08
SC,37,279.5,20,29,47,103,976,3686,10452,34880,2025-06-15
SC,38,222.5,15,22,34,84,736,3127,8048,21008,2025-06-22
SC,39,168.5,10,15,25,61,534,2435,5234,17314,2025-06-29
SC,40,127.5,10,14,21,46,399,1549,4489,10246,2025-07-06
SC,41,103,7,10,15,37,316,1155,2611,7895,2025-07-13
SC,42,77,5,7,13,29,266,984,2499,7192,2025-07-20
SC,43,64,4,6,10,22,195,727,1967,4148,2025-07-27
SC,44,54,4,5,8,20,165,605,1369,4205,2025-08-03
SC,45,47,3,4,8,18,146,598,1511,4582,2025-08-10
SC,46,43.5,2,4,6,15,139,497,1370,3419,2025-08-17
SC,47,39,2,3,6,15,122,442,1223,3524,2025-08-24
SC,48,36,2,3,5,14,105,380,983,2428,2025-08-31
SC,49,33,2,3,5,12,102,374,1042,2409,2025-09-07
SC,50,32,2,3,5,12,95,326,799,2236,2025-09-14
SC,51,29,2,3,5,11,88,305,847,1721,2025-09-21
SC,52,27,1,3,4,10,79,281,674,1465,2025-09-28
SE,1,30,1,2,4,11,75,186,316,505,2024-10-06
SE,2,30,1,2,3,10,79,187,323,484,2024-10-13
SE,3,27,1,2,4,10,73,175,292,456,2024-10-20
SE,4,28,1,2,4,11,77,194,302,504,2024-10-27
SE,5,28,1,2,4,10,75,182,311,474,2024-11-03
SE,6,27,1,1,3,9,68,163,269,444,2024-11-10
SE,7,25,0,1,3,9,68,153,249,358,2024-11-17
SE,8,23,0,1,3,8,62,137,231,344,2024-11-24
SE,9,20,0,1,2,7,53,126,220,307,2024-12-01
SE,10,17,0,1,2,6,46,113,212,304,2024-12-08
SE,11,16,0,1,2,5,41,102,182,272,2024-12-15
SE,12,14,0,1,2,5,37,95,154,218,2024-12-22
SE,13,14,0,1,1,5,36,84,144,240,2024-12-29
SE,14,13,0,1,2,5,36,84,136,217,2025-01-05
SE,15,13,0,0,1,5,36,87,135,204,2025-01-12
SE,16,13,0,1,2,5,38,82,136,202,2025-01-19
SE,17,15,0,0,1,5,37,86,155,231,2025-01-26
SE,18,15,0,0,2,5,39,94,158,235,2025-02-02
SE,19,16,0,1,2,6,44,97,162,278,2025-02-09
SE,20,17,0,1,2,6,44,105,171,281,2025-02-16
SE,21,18,0,1,2,6,50,114,201,327,2025-02-23
SE,22,19,0,1,2,6,50,110,189,327,2025-03-02
SE,23,19,0,1,2,7,53,124,208,306,2025-03-09
SE,24,21,0,1,2,8,54,129,220,316,2025-03-16
SE,25,22,0,1,2,7,58,135,230,317,2025-03-23
SE,26,22,0,1,3,8,58,144,224,333,2025-03-30
SE,27,24,0,1,3,9,64,144,244,373,2025-04-06
SE,28,26,0,1,3,9,69,158,249,419,2025-04-13
SE,29,26,1,1,3,10,71,171,274,444,2025-04-20
SE,30,30,1,2,4,10,72,177,302,441,2025-04-27
SE,31,33,1,2,4,12,86,218,360,508,2025-05-04
SE,32,36,1,2,5,13,90,227,382,601,2025-05-11
SE,33,36,1,2,5,14,105,247,393,596,2025-05-18
SE,34,40,1,3,6,16,110,258,461,618,2025-05-25
SE,35,45,1,2,6,16,125,286,483,734,2025-06-01
SE,36,50,1,3,6,17,129,308,487,780,2025-06-08
SE,37,51.5,1,3,7,20,138,309,545,868,2025-06-15
SE,38,58,2,3,7,20,152,329,540,861,2025-06-22
SE,39,58,2,4,7,21,153,341,557,965,2025-06-29
SE,40,58,2,4,8,21,148,367,584,1014,2025-07-06
SE,41,59,2,4,7,20,151,338,571,829,2025-07-13
SE,42,57,2,4,8,22,151,373,603,958,2025-07-20
SE,43,51,2,3,7,19,131,311,543,983,2025-07-27
SE,44,47.5,2,3,7,19,129,310,537,860,2025-08-03
SE,45,48,1,3,6,18,123,269,429,727,2025-08-10
SE,46,41,1,3,5,15,109,268,466,779,2025-08-17
SE,47,38,1,2,5,14,97,241,411,649,2025-08-24
SE,48,35,1,2,4,13,90,212,350,568,2025-08-31
SE,49,33,1,2,5,12,89,203,339,559,2025-09-07
SE,50,30,1,2,4,12,80,180,293,450,2025-09-14
SE,51,30,1,2,4,11,75,180,306,470,2025-09-21
SE,52,29,1,2,3,11,78,176,290,440,2025-09-28
SP,1,967.5,313,371,448,635,1596,3074,4511,7684,2024-10-06
SP,2,1036,317,375,462,650,1768,3182,4859,7462,2024-10-13
SP,3,1108.5,336,407,504,705,1855,3199,4977,7824,2024-10-20
SP,4,1150.5,343,419,519,752,1964,3502,5514,8649,2024-10-27
SP,5,1230,372,455,558,804,2052,3785,5797,8807,2024-11-03
SP,6,1345,413,495,620,855,2240,3886,5529,10240,2024-11-10
SP,7,1457.5,453,537,660,929,2467,4325,6433,9907,2024-11-17
SP,8,1619,481,610,731,1021,2724,4770,6959,9895,2024-11-24
SP,9,1771,540,641,773,1121,3018,5169,7765,12561,2024-12-01
SP,10,1987,605,728,869,1232,3365,6009,8844,14288,2024-12-08
SP,11,2268,660,790,966,1413,3716,6579,9758,15470,2024-12-15
SP,12,2532.5,811,948,1128,1652,4246,8279,13374,19932,2024-12-22
SP,13,2969,945,1103,1357,1930,5098,9499,14523,23192,2024-12-29
SP,14,3713.5,1112,1366,1620,2332,6176,11265,18334,26827,2025-01-05
SP,15,4541,1346,1628,1956,2854,7633,14588,21462,36578,2025-01-12
SP,16,5502,1566,1915,2387,3474,9436,16805,25779,40813,2025-01-19
SP,17,6481.5,1990,2367,2893,4170,11258,20446,34109,54933,2025-01-26
SP,18,8002.5,2250,2761,3332,4994,13534,24543,37836,61636,2025-02-02
SP,19,9122.5,2766,3257,3989,5645,15136,28959,42420,65202,2025-02-09
SP,20,10115,3180,3730,4492,6402,18187,32795,52525,85855,2025-02-16
SP,21,10984,3593,4059,5040,7235,19484,33996,53273,86581,2025-02-23
SP,22,12595.5,3659,4517,5534,8020,21916,40105,63134,93681,2025-03-02
SP,23,13526.5,4290,5198,6285,8925,23292,42783,67666,105484,2025-03-09
SP,24,15298.5,4396,5304,6680,9585,26055,46041,74664,113399,2025-03-16
SP,25,15866.5,5050,6009,7407,10312,26769,48237,72959,124652,2025-03-23
SP,26,16995,5345,6356,7714,11060,29112,50097,75208,126075,2025-03-30
SP,27,17314.5,5544,6694,8003,11081,30658,53600,86434,141962,2025-04-06
SP,28,17944.5,5443,6444,7954,11372,30063,54416,80482,118210,2025-04-13
SP,29,17190,5175,6276,7839,10824,29105,53581,85906,153439,2025-04-20
SP,30,16055.5,5064,5961,7191,10290,27010,47880,73558,114778,2025-04-27
SP,31,13759,4498,5100,6233,9115,23065,42694,69644,113084,2025-05-04
SP,32,11854,3737,4344,5188,7546,19863,34659,54422,85148,2025-05-11
SP,33,9566,2837,3395,4282,6168,16040,27497,44129,71666,2025-05-18
SP,34,7396.5,2254,2687,3307,4751,12381,22734,35110,50641,2025-05-25
SP,35,5633,1681,2075,2581,3662,9508,17901,28631,43137,2025-06-01
SP,36,4364,1304,1556,1938,2760,7408,12916,20931,35078,2025-06-08
SP,37,3341,1019,1230,1511,2117,5566,10073,16704,30072,2025-06-15
SP,38,2577,842,958,1169,1678,4288,7473,11404,17111,2025-06-22
SP,39,2042.5,613,716,893,1296,3482,5877,9353,15344,2025-06-29
SP,40,1622.5,516,614,743,1040,2756,4942,7357,10736,2025-07-06
SP,41,1354.5,424,495,615,867,2146,4122,6271,9566,2025-07-13
SP,42,1164.5,359,426,517,748,1869,3365,5265,8147,2025-07-20
SP,43,1007.5,321,371,453,634,1625,2971,4513,6741,2025-07-27
SP,44,894,286,345,417,584,1498,2642,4132,5938,2025-08-03
SP,45,854,278,325,399,551,1430,2608,3888,5809,2025-08-10
SP,46,807,246,300,371,522,1356,2413,3561,5594,2025-08-17
SP,47,803,251,304,367,519,1295,2256,3633,5644,2025-08-24
SP,48,822.5,254,301,373,525,1337,2347,3731,6678,2025-08-31
SP,49,837,254,296,379,529,1388,2555,4003,6460,2025-09-07
SP,50,891.5,266,310,396,570,1504,2648,3959,6183,2025-09-14
SP,51,901,291,340,400,573,1498,2645,3903,6018,2025-09-21
SP,52,943.5,298,359,436,608,1548,2840,4001,7405,2025-09-28
TO,1,27,4,7,10,16,47,83,116,161,2024-10-06
TO,2,31,5,7,11,18,56,96,138,179,2024-10-13
TO,3,37,6,8,12,21,64,107,155,216,2024-10-20
TO,4,43,7,11,15,25,75,128,184,270,2024-10-27
TO,5,51,8,12,17,30,90,154,219,300,2024-11-03
TO,6,61,10,15,20,35,111,190,266,374,2024-11-10
TO,7,72,13,18,25,42,127,215,299,444,2024-11-17
TO,8,81,15,21,28,48,147,254,379,551,2024-11-24
TO,9,94,16,22,32,53,167,303,429,583,2024-12-01
TO,10,99,17,25,34,55,176,320,460,649,2024-12-08
TO,11,105.5,19,25,35,59,187,316,457,720,2024-12-15
TO,12,110,19,26,38,64,196,351,516,723,2024-12-22
TO,13,122.5,22,30,42,72,221,374,528,734,2024-12-29
TO,14,141,25,33,48,81,248,429,594,850,2025-01-05
TO,15,161,29,38,53,89,273,472,708,945,2025-01-12
TO,16,168,33,42,60,98,303,520,743,992,2025-01-19
TO,17,191,39,50,66,108,333,529,744,1148,2025-01-26
TO,18,201,40,52,69,118,338,592,818,1186,2025-02-02
TO,19,206,43,56,74,121,357,583,853,1246,2025-02-09
TO,20,208.5,44,55,77,124,358,627,897,1222,2025-02-16
TO,21,213.5,40,53,73,127,358,602,836,1189,2025-02-23
TO,22,209.5,48,62,81,126,360,590,838,1183,2025-03-02
TO,23,220.5,45,57,79,125,365,627,932,1313,2025-03-09
TO,24,216,42,57,76,125,376,619,883,1193,2025-03-16
TO,25,217,41,57,79,131,365,618,866,1175,2025-03-23
TO,26,223,44,57,78,130,373,672,857,1103,2025-03-30
TO,27,216,38,54,76,125,375,660,926,1296,2025-04-06
TO,28,212,43,53,72,122,356,617,871,1294,2025-04-13
TO,29,201.5,39,50,73,121,361,607,855,1149,2025-04-20
TO,30,193,36,51,70,113,333,582,779,994,2025-04-27
TO,31,180,34,45,62,102,308,513,754,1060,2025-05-04
TO,32,159,28,39,54,92,281,468,663,845,2025-05-11
TO,33,138,27,35,47,80,236,407,561,792,2025-05-18
TO,34,113,22,29,39,66,198,337,488,708,2025-05-25
TO,35,98,18,25,34,56,178,300,413,613,2025-06-01
TO,36,82.5,15,21,28,47,140,237,333,460,2025-06-08
TO,37,66.5,14,18,24,40,117,199,293,425,2025-06-15
TO,38,57,10,14,20,33,100,168,236,348,2025-06-22
TO,39,50,10,13,18,30,86,145,206,272,2025-06-29
TO,40,44,8,11,15,26,79,140,190,270,2025-07-06
TO,41,40,7,9,13,22,67,120,163,213,2025-07-13
TO,42,36,6,9,12,20,63,111,151,220,2025-07-20
TO,43,33,6,8,11,19,60,99,149,217,2025-07-27
TO,44,30,5,7,11,17,55,95,130,176,2025-08-03
TO,45,29,5,7,10,17,49,85,122,163,2025-08-10
TO,46,27,4,6,8,15,45,77,107,145,2025-08-17
TO,47,25,3,5,8,14,44,79,113,158,2025-08-24
TO,48,24,4,5,7,13,43,71,103,153,2025-08-31
TO,49,23,3,5,8,13,40,70,102,138,2025-09-07
TO,50,25,3,5,8,13,42,74,101,142,2025-09-14
TO,51,24,4,5,7,13,44,77,106,135,2025-09-21
TO,52,25,4,6,8,14,45,76,110,153,2025-09-28
