lower_95,upper_95,lower_90,upper_90,lower_80,upper_80,lower_50,upper_50,pred,date,step,model,epiweek
1926.0311797543468,5831.784599959679,2076.666054371171,5245.297270926446,2270.535438850509,4662.913371782993,2652.2240000739866,3868.2876538429687,3183.958378560573,2023-01-01,1,arima,2022W52
1537.994180807294,8200.644904765657,1707.7978271026566,6881.772906522088,1936.1600616170613,5690.340347060886,2418.1463552784558,4245.84237396224,3161.9133875022303,2023-01-08,2,arima,2022W52
1274.0233309396028,10893.630606274852,1444.4027698798436,8546.588614470846,1680.852510763645,6608.286622964951,2206.1504920918615,4493.798579339251,3082.558839273207,2023-01-15,3,arima,2022W52
4164.965325013123,5868.618468911011,4282.266810742745,5710.353176902559,4421.333663242973,5532.999530481117,4663.917193953166,5247.608916680281,4947.593751192862,2023-01-01,1,gp,2022W52
4098.583291733045,5768.799495861573,4213.640757520902,5613.709582380343,4350.034817615054,5439.898968255277,4587.925094633935,5160.174300968417,4866.065981806289,2023-01-08,2,gp,2022W52
5978.0420395785495,8780.69383313964,6167.309686028184,8515.886549194138,6392.475887542246,8220.13667316679,6787.202425473298,7746.515313595491,7251.805681692036,2023-01-15,3,gp,2022W52
2681.86337890625,4385.656884765624,2735.2252197265625,4242.221923828125,2853.1502197265627,4048.1810302734375,3032.7623291015625,3738.950927734375,3388.322265625,2023-01-01,1,lstm,2022W52
2960.0598999023437,5235.019580078125,3072.9834716796877,4879.421362304687,3237.8143798828123,4602.67109375,3535.3134765625,4244.596923828125,3907.11376953125,2023-01-08,2,lstm,2022W52
3213.5680236816406,5648.530920410156,3287.355078125,5411.839868164062,3429.72080078125,5080.2337890625,3773.9899291992188,4708.946044921875,4146.6455078125,2023-01-15,3,lstm,2022W52
3012.480067290795,11135.768124083714,3283.964341526356,9786.750170460638,3639.1275551445115,8489.13306879886,4356.488256381789,6789.005926751363,5393.662820200883,2023-01-08,1,arima,2023W01
2391.636704980434,17567.12688668863,2694.320307968019,14098.176685304785,3110.356127909776,11146.132657540174,4020.098414359075,7812.2524144892795,5501.354207295474,2023-01-15,2,arima,2023W01
1957.3425764404672,26332.125330914343,2257.570961605933,19191.270127902135,2685.2824546213265,13834.180619647488,3677.99884270572,8582.026818569702,5451.879864917991,2023-01-22,3,arima,2023W01
4103.53270278901,5771.39233773692,4218.468240286893,5616.569240300902,4354.709158238671,5443.047013207858,4592.310868527119,5163.761925157811,4870.081472197623,2023-01-08,1,gp,2023W01
5966.506586098528,8758.882310073466,6155.129295739164,8495.105447822725,6379.517818796149,8200.493172080309,6772.854932883748,7728.663226236855,7235.782548118178,2023-01-15,2,gp,2023W01
9940.898190619413,15762.278163421102,10320.11334076634,15195.033308111471,10774.152291914157,14565.403942145247,11577.425588735214,13565.982894481727,12534.295596013155,2023-01-22,3,gp,2023W01
4276.942419433593,8487.576452636713,4367.096020507813,7935.896728515625,4501.8662109375,7515.337207031251,5068.43310546875,6760.2135009765625,5885.422607421875,2023-01-08,1,lstm,2023W01
4942.398254394531,9901.313330078125,5119.850756835937,9534.559228515625,5335.452783203125,8798.924023437501,6099.904541015625,8002.0819091796875,6998.635498046875,2023-01-15,2,lstm,2023W01
5204.276635742188,11237.277783203113,5337.842065429688,10433.0427734375,5864.076220703125,9673.19443359375,6677.7215576171875,9024.305908203125,7770.543701171875,2023-01-22,3,lstm,2023W01
3550.7942225886854,14494.838654056575,3891.0052885451123,12586.599865974622,4339.554364321573,10780.994130574296,5256.739017227447,8463.584251776307,6606.954883186621,2023-01-15,1,arima,2023W02
2745.511777748769,23521.993243827244,3112.9282210035503,18448.61850461396,3622.884782260553,14260.436382974178,4756.03516396279,9693.630139666595,6647.174943693458,2023-01-22,2,arima,2023W02
2190.296040514604,35705.607452943936,2542.8722444647683,25149.02339793838,3050.232519179769,17568.98702486969,4248.059129339753,10476.557858124143,6447.549544424857,2023-01-29,3,arima,2023W02
5951.632406193995,8733.364461534771,6139.5732078700175,8470.638001789288,6363.142647787811,8177.188923661795,6755.024222171038,7707.198917073968,7216.208349253856,2023-01-15,1,gp,2023W02
9870.922797820775,15647.410398701104,10247.258237183325,15084.59626412513,10697.83981845598,14459.872304831119,11494.972504627318,13468.209016210303,12444.490473673195,2023-01-22,2,gp,2023W02
11846.397891923167,18925.156281193693,12305.881217416902,18233.317965261733,12856.37276526354,17465.856839513977,13831.164774525676,16248.70918424792,14993.717915168365,2023-01-29,3,gp,2023W02
5342.100524902344,11387.961718749997,5725.497534179687,11057.888720703126,6157.0970703125,10519.67607421875,6897.3468017578125,9087.48388671875,7985.93994140625,2023-01-15,1,lstm,2023W02
5955.984338378907,13544.081030273437,7172.831958007812,13042.786376953123,7280.8328125,12587.550292968752,8203.807373046875,11215.878662109375,9502.3779296875,2023-01-22,2,lstm,2023W02
6576.106188964844,15486.764477539056,7391.8201904296875,14897.608447265626,7891.10908203125,14359.991796875001,9063.9990234375,12766.602294921875,10816.12109375,2023-01-29,3,lstm,2023W02
4382.088955222663,21095.58109244199,4841.974388911403,17941.55741566239,5455.893520428877,15040.280057583392,6736.331828256381,11444.39641331106,8677.411784179616,2023-01-22,1,arima,2023W03
3204.620047262705,36437.27693567995,3673.735191066614,27322.43744821023,4335.858464296185,20227.874046666217,5848.7797648487895,12986.863511854513,8486.125338034744,2023-01-29,2,arima,2023W03
2443.45898709164,57999.696663513954,2870.1719351472843,38004.71011067726,3495.3757672002944,24900.510484905935,5017.775218625941,13734.758402389536,7957.093298541537,2023-02-05,3,arima,2023W03
9793.88422582965,15510.531450725488,10166.489010419966,14953.75942883009,10612.568362315234,14335.694878646478,11401.64609508917,13354.494714942444,12341.429178988381,2023-01-22,1,gp,2023W03
11731.736439681597,18737.410420849512,12186.528523314428,18052.781669688095,12731.388500209532,17293.303241696103,13696.180073155012,16088.781727835747,14846.762507019117,2023-01-29,2,gp,2023W03
14297.73264450539,22646.62505594237,14841.862866864705,21833.43368750045,15493.299816126355,20930.733412371923,16645.66045358851,19497.69016351184,18018.144106532236,2023-02-05,3,gp,2023W03
7407.886376953125,17478.719140625,7763.33173828125,16936.2427734375,8586.2681640625,15788.882421875001,10310.433349609375,13401.62255859375,11991.001953125,2023-01-22,1,lstm,2023W03
9074.237719726563,22764.51162109374,9691.7865234375,20893.70068359375,10673.62216796875,20047.210546875005,12521.4130859375,16430.82080078125,14663.85986328125,2023-01-29,2,lstm,2023W03
9270.945288085937,25460.440722656243,10390.453369140625,24434.23056640625,11285.33212890625,22395.762890625,13805.94580078125,19186.08935546875,16029.80908203125,2023-02-05,3,lstm,2023W03
5055.64770806427,27101.094577671804,5615.240810254877,22726.406549191484,6368.101815701582,18778.2143662312,7958.080272613352,13996.950583878477,10413.87801625225,2023-01-29,1,arima,2023W04
3568.6464776506277,47830.76483770174,4115.486589634501,34882.26291703171,4894.369984207757,25160.19536707154,6701.542562819117,15620.018208733629,9929.034734075198,2023-02-05,2,arima,2023W04
2646.742720121142,77573.23514941009,3127.554645271171,48649.34941265572,3838.5481322531664,30700.462478248686,5597.803986000064,16205.824689325906,9085.251155702506,2023-02-12,3,arima,2023W04
11599.341888411047,18495.91366816735,12047.396240916732,17822.383470843262,12584.111088377498,17075.119353464568,13534.29502037335,15889.747454701419,14667.168570983737,2023-01-29,1,gp,2023W04
14197.076280799853,22446.225638196498,14735.170545974404,21643.334986705613,15379.282754768821,20751.938351974437,16518.437274592234,19336.541686114895,17874.804554066588,2023-02-05,2,gp,2023W04
15879.701345425388,24875.732366834727,16469.084882824172,24003.37746084261,17174.04609120848,23034.13874788588,18419.437507039078,21493.49914831073,19900.155357439944,2023-02-12,3,gp,2023W04
11631.277001953125,28094.79667968749,12606.88427734375,26525.1052734375,13339.13125,23822.019140625,15073.20556640625,20684.1044921875,17810.7666015625,2023-01-29,1,lstm,2023W04
13714.497729492188,31726.274365234352,14090.346826171875,29551.95654296875,15022.19453125,27617.6837890625,17859.06005859375,23475.423828125,20756.5810546875,2023-02-05,2,lstm,2023W04
14094.717602539062,32343.36464843749,14638.00830078125,30877.541113281248,15552.57431640625,28956.136914062503,17858.7392578125,24940.5205078125,21332.505859375,2023-02-12,3,lstm,2023W04
6493.50412546563,42885.75328017,7281.526693487625,34947.07885828557,8357.09915845611,28052.50182823875,10682.281037003293,20078.05298046993,14402.602258629673,2023-02-05,1,arima,2023W05
4404.495270499718,84787.72534160725,5140.944169337267,57893.59796799741,6209.45769611459,39330.07544064789,8767.852244052905,22659.546571791107,13573.538738509047,2023-02-12,2,arima,2023W05
3154.4175785245757,154885.8248142891,3776.119774188915,86313.53623321878,4714.160574017369,49472.75163126956,7118.963901388926,23456.65112881858,12177.899300411953,2023-02-19,3,arima,2023W05
14097.883038323678,22225.459873950087,14628.768858740203,21435.31042549251,15264.099420343482,20557.85653190384,16387.336256203493,19164.13641492248,17724.148818863807,2023-02-05,1,gp,2023W05
15818.966954670204,24718.208815158312,16402.70459596496,23856.11093813678,17100.765349527162,22898.073866258615,18333.594025724833,21374.796145217955,19798.7966083919,2023-02-12,2,gp,2023W05
20774.994168548797,34191.85734558966,21633.633064923488,32864.93652079564,22664.913038412884,31396.496082786674,24497.605697347022,29075.624766843408,26693.534098489068,2023-02-19,3,gp,2023W05
14087.208666992188,37618.32578124998,15142.10625,36074.857617187496,16391.7322265625,33731.191015625,18994.17529296875,27605.24072265625,23900.8974609375,2023-02-05,1,lstm,2023W05
15677.622436523438,44648.099218749994,18030.7216796875,42776.2060546875,19708.7607421875,39367.330859375004,22237.35595703125,32435.48095703125,27493.7265625,2023-02-12,2,lstm,2023W05
15299.346899414062,43919.48564453123,17827.859765625,41335.1806640625,19183.2494140625,38069.312890625,23020.166015625,32995.8134765625,28288.9365234375,2023-02-19,3,lstm,2023W05
7572.102939498842,57686.73204607629,8543.685025292662,46048.18533754653,9882.261354797645,36214.02134745308,12820.637997532262,25199.269391234247,17633.358689081255,2023-02-12,1,arima,2023W06
4921.383229797932,119267.49652023631,5784.329145953929,77822.6842109518,7049.867719102406,50803.454908436215,10136.501500485714,27901.57780827138,16111.741525319236,2023-02-19,2,arima,2023W06
3408.426243944864,227967.38275531007,4107.951557242236,117440.48216276256,5174.641571002428,63374.59565577184,7961.357247309191,28193.764416992,14015.670043628892,2023-02-26,3,arima,2023W06
15732.381751102817,24497.0800496119,16308.245308673702,23649.20588094791,16996.68815529037,22706.709818903462,18212.021568548607,21207.53650979227,19655.64000419016,2023-02-12,1,gp,2023W06
20685.06789570812,33904.12791578878,21532.708363484842,32598.90190332056,22550.427111229463,31153.992403713986,24358.12741805373,28869.22853318295,26522.71363180206,2023-02-19,2,gp,2023W06
24798.812833502656,39977.7192843205,25779.84118663435,38488.84028424606,26956.07307336704,36838.422055691066,29041.17301305672,34223.69693035358,31531.437325953175,2023-02-26,3,gp,2023W06
18237.728369140626,54288.64326171873,18865.67607421875,50102.835546874994,20485.7927734375,43091.060546875015,24581.16064453125,35208.525390625,29115.865234375,2023-02-12,1,lstm,2023W06
20027.5787109375,59889.0032226562,20540.14921875,55472.0896484375,22706.4544921875,48187.79140625001,28772.07958984375,39590.4970703125,33424.29296875,2023-02-19,2,lstm,2023W06
18933.3259765625,60114.365234375,20463.08525390625,56666.991796874994,22385.8546875,50510.823046875004,28647.4052734375,42026.2705078125,33623.310546875,2023-02-26,3,lstm,2023W06
7620.5364599378945,52453.076658325386,8560.887692440894,42492.56767934108,9847.906756059068,33909.687414876586,12642.703758284892,24073.84166528309,17145.077907970808,2023-02-19,1,arima,2023W07
4944.661896060576,83261.93561344387,5746.739532871459,58297.47569638744,6902.828213540556,40507.43339474816,9639.868677331393,23993.775163343034,14688.329819317192,2023-02-26,2,arima,2023W07
3412.7885092847773,112118.51307352698,4045.124352866727,68593.21016899316,4984.626446938391,42396.71818085008,7328.642772986924,21853.619030192465,12039.687441904318,2023-03-05,3,arima,2023W07
20562.146929337123,33586.77782214691,21398.69168207129,32302.507358915518,22402.798081213823,30880.402258837952,24185.58269250991,28630.804533685787,26319.18172369789,2023-02-19,1,gp,2023W07
24653.844178166335,39606.6434405432,25621.85015010832,38141.96536772763,26782.1314944322,36517.92137034633,28838.102015334774,33943.952134940926,31292.24434008565,2023-02-26,2,gp,2023W07
25501.483305637572,38860.3920135578,26388.179148449908,37579.250905220266,27446.307280085734,36152.655332492584,29309.438648772,33877.783724522116,31515.0667283551,2023-03-05,3,gp,2023W07
17053.320703125,46101.67958984375,18203.94228515625,42283.383398437494,20074.9177734375,37132.59140625001,23472.71142578125,33459.861328125,27257.7490234375,2023-02-19,1,lstm,2023W07
18538.183837890625,47732.772656249996,19549.6123046875,45844.357617187496,22193.0220703125,42808.207421875,25678.3359375,36616.4306640625,30101.5908203125,2023-02-26,2,lstm,2023W07
18078.1982421875,45203.40224609375,19407.81064453125,42957.94238281249,20507.0166015625,39842.689453125,25213.544921875,34597.154296875,28897.8056640625,2023-03-05,3,lstm,2023W07
8488.833443428292,72423.5088190346,9623.202954513243,56839.01529834945,11197.24575255801,43962.83982556761,14693.353736738552,29909.088415872717,20524.220754584807,2023-02-26,1,arima,2023W08
5146.35070612137,141101.59796147703,6070.052100009273,89750.64818196849,7432.072994489207,57320.88323439583,10785.510905101466,30681.66650778549,17378.805823221,2023-03-05,2,arima,2023W08
3390.6172043968095,247575.05445189378,4093.8614274558145,124587.93620203676,5169.249873333143,66068.65242535823,7992.938158769444,28869.609587767998,14181.22556035219,2023-03-12,3,arima,2023W08
24457.313616274554,39158.57925152673,25410.561886149124,37720.47589540263,26552.830987222125,36125.46507480962,28576.065809699317,33596.52633948763,30989.855874152105,2023-02-26,1,gp,2023W08
25288.01292784441,38453.74570461726,26162.75642406716,37192.20525249469,27206.4368044107,35787.196203453,29043.664153302172,33546.19908394902,31217.906692460358,2023-03-05,2,gp,2023W08
31396.246526420888,47055.89994784205,32443.79104659548,45564.132936679016,33692.132856452416,43900.77311939585,35885.830992919495,41243.25807908039,38476.05756386825,2023-03-12,3,gp,2023W08
16910.1275390625,49159.85087890624,18909.568359375,47639.64921875,21157.3921875,42485.15312500001,25576.69970703125,36625.1904296875,32330.361328125,2023-02-26,1,lstm,2023W08
18033.619970703126,54792.47685546873,19663.00595703125,52434.420703125,21996.179296875,47181.508593750004,28457.74951171875,40360.4775390625,35200.94921875,2023-03-05,2,lstm,2023W08
16638.4712890625,51258.546582031246,18197.4970703125,46993.328710937494,21345.14140625,45292.008593750004,27144.455078125,38172.94140625,33604.298828125,2023-03-12,3,lstm,2023W08
10100.160598206834,93138.70896595782,11485.776898677255,72226.4656631281,13417.620757543264,55218.61682982551,17742.383197555395,36985.66642910135,25043.936517917686,2023-03-05,1,arima,2023W09
6296.506812603313,166314.54609128166,7418.86598319052,106616.22314926998,9071.13251637528,68547.38214527117,13127.738341041346,36977.2341118976,21066.571749976712,2023-03-12,2,arima,2023W09
4227.43199462768,250632.95131856416,5082.00176991792,133231.89006885877,6379.907996499873,73623.56446952032,9746.472359743351,33574.40838791434,16971.294570750717,2023-03-19,3,arima,2023W09
25051.203721793496,38023.93501387508,25913.867209146025,36781.80549739163,26942.976883009425,35398.21045236222,28754.15787103132,33190.901139822716,30896.961507097127,2023-03-05,1,gp,2023W09
31062.60906699755,46482.8566102764,32094.898709832883,45014.82742982153,33324.90014210751,43377.72856296957,35485.96332475424,40761.69499706526,38037.0291782448,2023-03-12,2,gp,2023W09
35793.63633918306,52221.14628827815,36906.493685088535,50673.21806122845,38229.68689398558,48943.47899914101,40547.448175330814,46171.27992408858,43272.65398043401,2023-03-19,3,gp,2023W09
18682.68134765625,63673.24462890623,23380.680078125,59045.582226562496,25345.1234375,55651.96679687501,30083.904296875,44187.34375,36402.337890625,2023-03-05,1,lstm,2023W09
20704.894189453124,68299.6365234375,25077.02041015625,62244.27617187499,27252.2009765625,58378.94765625,32181.64013671875,46602.4990234375,38972.236328125,2023-03-12,2,lstm,2023W09
19044.559619140626,61856.36796875,23762.9369140625,56875.370117187485,25287.9193359375,50386.3546875,29385.5703125,45063.8662109375,35432.55859375,2023-03-19,3,lstm,2023W09
10115.102160364435,104393.32247991605,11553.480061275652,79524.63928830263,13572.356640676346,59765.64384841359,18142.572419841155,39132.62736810472,25993.68952145762,2023-03-12,1,arima,2023W10
5783.646456455376,172108.1984831485,6837.144902285013,107585.1887627017,8395.989377106922,67706.05761238537,12257.453717902854,35626.86378442131,19926.399093762146,2023-03-19,2,arima,2023W10
3690.6240963688315,231606.2251442639,4442.101084452993,121323.89576127427,5585.61069452436,66299.07552803934,8561.822429512953,29882.8256678364,14986.305436085871,2023-03-26,3,arima,2023W10
30720.158036902434,45908.865598506716,31737.58691086382,44463.66246952348,32949.74556163341,42851.84417787003,35079.11853729197,40275.80877825785,37592.24805513532,2023-03-12,1,gp,2023W10
35354.787046483194,51547.697870145166,36452.08182507256,50022.274520208375,37756.70092141535,48317.594947877304,40041.751264002785,45585.354154185414,42728.22520358185,2023-03-19,2,gp,2023W10
35569.248202346105,51277.08617134316,36639.30717157354,49804.15238260259,37910.34360642616,48156.62484151708,40133.568207150005,45512.5228347424,42742.73415735573,2023-03-26,3,gp,2023W10
22300.2591796875,66579.24960937497,25192.7166015625,62846.1888671875,27287.3888671875,58559.867187500015,31199.0693359375,47434.0185546875,39591.30078125,2023-03-12,1,lstm,2023W10
24073.095556640626,67879.3599609375,25098.34345703125,66450.889453125,26524.687890625,61445.0015625,31062.82958984375,50309.689453125,39540.505859375,2023-03-19,2,lstm,2023W10
19758.258349609376,62883.88916015625,20388.81982421875,58312.58222656249,23678.9263671875,53723.34335937501,29866.10107421875,44144.0283203125,35825.197265625,2023-03-26,3,lstm,2023W10
10666.588486136092,105013.96664991567,12161.198656107781,80602.14716454447,14253.185740498717,61014.138991693784,18967.050224724844,40332.56156923511,27006.627787519537,2023-03-19,1,arima,2023W11
6092.584280873685,143485.39206197392,7154.912630287472,94169.23004495355,8710.842806355155,61784.36127601415,12497.27217561542,34135.18831087149,19800.41782676427,2023-03-26,2,arima,2023W11
3864.4884628052605,154974.61662616298,4603.849191317557,90630.62286512516,5711.063689840019,53983.45318092406,8512.072668236766,26694.049543826204,14273.670226610033,2023-04-02,3,arima,2023W11
34864.85175008514,50786.18298878011,35944.211462869214,49286.90935599727,37227.40729209815,47611.32665556335,39474.68527467646,44925.43297186236,42116.367349615546,2023-03-19,1,gp,2023W11
35125.406454447126,50616.89929493049,36180.92519153638,49164.49008191004,37434.64840912573,47539.86720491247,39627.48449439288,44932.40322661963,42200.824863753136,2023-03-26,2,gp,2023W11
32621.798110225685,45888.07873226719,33535.91015590507,44656.49276937725,34619.48937420287,43276.18376768255,36509.28187606732,41054.62495868359,38718.63865253086,2023-04-02,3,gp,2023W11
22120.71240234375,65484.94726562499,23120.22138671875,61828.281445312496,25338.863671875,59135.10859375,34239.1884765625,49743.9091796875,41205.748046875,2023-03-19,1,lstm,2023W11
20994.38994140625,69005.02734375,22846.75908203125,64124.616796874994,25814.2431640625,57106.437890625006,35639.30078125,50236.8115234375,42825.181640625,2023-03-26,2,lstm,2023W11
18228.804736328126,57680.46904296875,19451.20458984375,54302.022265625,23601.7248046875,50635.401171875004,32252.3330078125,44047.095703125,38800.296875,2023-04-02,3,lstm,2023W11
11742.339667689912,149283.01132258424,13516.256358918245,109862.06440040108,16035.656898783172,79915.01945874048,21852.92654575987,50152.66784346681,32162.601751452952,2023-03-26,1,arima,2023W12
6231.551435817013,289504.83676803147,7450.1188808288025,163514.69854034935,9285.040070663463,94720.88303769245,13972.413197302947,45428.34831126179,23773.86794676666,2023-04-02,2,arima,2023W12
3726.5140181104466,468025.10060416453,4544.9037356470335,201426.7344323365,5816.266024139652,95632.22245593349,9251.173077474492,37473.925401689216,17162.605210806272,2023-04-09,3,arima,2023W12
34640.35899162995,49889.32399388774,35679.63078357351,48459.98692125182,36913.99714630693,46861.097751900365,39072.82915251835,44294.764931696336,41606.03780769178,2023-03-26,1,gp,2023W12
32210.518613234406,45308.187562736966,33113.02508266841,44092.26976270614,34182.84448608507,42729.51765348928,36048.63279455332,40536.208394742556,38229.916011146976,2023-04-02,2,gp,2023W12
37594.93966387168,52850.07055284494,38646.40270480286,51434.21545524402,39892.73053738137,49847.304050003346,42066.19682991795,47293.03806737565,44606.94486764758,2023-04-09,3,gp,2023W12
22432.83369140625,76222.72207031246,26985.6876953125,70849.094921875,30232.919921875,63852.780078125026,37189.6298828125,53384.3994140625,44021.546875,2023-03-26,1,lstm,2023W12
22881.273583984374,77644.84316406248,26265.495019531252,74039.6796875,29213.7810546875,64086.075000000026,37568.7275390625,55386.1875,45622.767578125,2023-04-02,2,lstm,2023W12
21229.9267578125,65929.45019531244,22793.4775390625,61274.847265625,24264.457421875,55515.81953125,32447.65966796875,47986.3388671875,39609.078125,2023-04-09,3,lstm,2023W12
12087.662400140762,141685.54865899077,13872.747777069842,105707.76568306486,16396.604364735944,77887.40651382202,22180.144314240875,49697.18541787246,32307.960991919506,2023-04-02,1,arima,2023W13
6822.092478244577,211405.70134943328,8073.576314997136,130999.1660168545,9928.518330064215,81837.2500658587,14537.0783957526,42700.34167353851,23734.834489829293,2023-04-09,2,arima,2023W13
4309.479237153634,249767.39229937436,5178.077558732123,133543.80138421446,6496.273794806758,74124.02872842585,9910.766645642567,33960.914870716915,17221.23842121232,2023-04-16,3,arima,2023W13
31787.102461383965,44704.59432164895,32677.26771768424,43505.49113504296,33732.44224541391,42161.56468424478,35572.65024370262,39998.50979944347,37723.967392019025,2023-04-02,1,gp,2023W13
37093.00168830507,52121.014506012296,38129.02689600043,50726.49542089874,39357.009790307806,49163.44082774235,41498.3695212467,46647.44305305898,44001.40945801538,2023-04-09,2,gp,2023W13
37119.32116426219,51629.576941947395,38124.38837656507,50288.70973191795,39314.66653394873,48784.55157665379,41387.757572435454,46360.494247441464,43807.14354123375,2023-04-16,3,gp,2023W13
21554.97255859375,82944.23554687496,26348.17080078125,69384.51875,30178.6671875,65483.934375000004,34371.1318359375,53798.1015625,44296.779296875,2023-04-02,1,lstm,2023W13
23250.9099609375,82464.8349609375,23961.09990234375,68509.80078125,27552.2953125,62027.11679687502,35509.5732421875,50982.9912109375,44781.15625,2023-04-09,2,lstm,2023W13
20500.79052734375,68326.05195312499,21359.46552734375,56187.12812499999,22860.6796875,52003.74375,30361.14306640625,43678.271484375,36680.623046875,2023-04-16,3,lstm,2023W13
11179.200557132444,114193.4003775159,12763.84277760899,87134.04380408465,14986.67249477021,65587.99162205517,20013.529707066496,43034.4492386204,28635.537748298415,2023-04-09,1,arima,2023W14
6302.414493176358,153910.62929819268,7409.166754288568,100271.07371961548,9032.812945716689,65369.78237982405,12995.22334690426,35844.261326647975,20673.320730365558,2023-04-16,2,arima,2023W14
3985.7814999972065,167443.9450486793,4753.752223021648,96865.71002927572,5905.84657446044,57194.659570831536,8829.502129410874,28009.894632247036,14875.045645734015,2023-04-23,3,arima,2023W14
36577.3683663345,51365.34804346385,37597.132591107205,49993.44311137256,38805.78056028901,48455.6602969105,40913.271672767805,45980.1676237783,43376.489144532236,2023-04-09,1,gp,2023W14
36498.974911679754,50750.3470174079,37486.25803043735,49433.5772350992,38655.44342523753,47956.412464802626,40691.719082822936,45575.76763910167,43068.01996621873,2023-04-16,2,gp,2023W14
25700.28406857386,36659.88775880798,26450.571628681853,35636.624591889915,27340.990650393218,34491.08906287283,28896.49415009437,32650.37188564788,30719.006028222775,2023-04-23,3,gp,2023W14
22499.362255859374,65854.32216796874,23954.76474609375,62454.4306640625,26014.6693359375,58554.05390625,30070.404296875,46474.14453125,36875.369140625,2023-04-09,1,lstm,2023W14
20429.610595703125,61717.71337890625,21212.45126953125,60895.3974609375,24102.0736328125,53657.25273437501,27538.86083984375,42294.28515625,34015.8515625,2023-04-16,2,lstm,2023W14
16922.684033203124,51091.30927734373,17580.4013671875,47091.3802734375,18851.100390625,41030.067578125025,23184.62646484375,34180.1728515625,27967.5810546875,2023-04-23,3,lstm,2023W14
12065.910229324461,158100.39542888003,13903.685646959102,115751.14398923334,16518.08738282261,83793.70528936932,22571.51282546626,52262.83115083513,33347.086761359686,2023-04-16,1,arima,2023W15
6092.856882542714,262429.22287377546,7271.199800225554,150924.38900259032,9040.586097149158,88694.50193185026,13538.187932128418,43211.67022599127,22864.37122486842,2023-04-23,2,arima,2023W15
3530.0184002890046,347249.5528534132,4286.746827430449,160759.68720803576,5454.3909817759695,80267.08600869303,8570.533426829998,33020.16752823878,15594.878156504119,2023-04-30,3,arima,2023W15
35812.127249083904,49788.81139640691,36780.439644478596,48497.490934084184,37927.146556512766,47048.860115283074,39924.24212984039,44714.166064810226,42254.77286172264,2023-04-16,1,gp,2023W15
25125.45693418433,35855.66062884197,25859.88999559476,34853.63648953699,26731.52525595082,33731.91768303855,28254.29445466574,31929.56234008547,30038.57541655958,2023-04-23,2,gp,2023W15
32732.148066493624,50469.099129606555,33902.92570309023,48760.02295652853,35301.43615743299,46858.71172612249,37767.37713637344,43830.97368440387,40692.01312497464,2023-04-30,3,gp,2023W15
24822.66435546875,73725.83496093744,26349.0994140625,67039.326171875,28041.5716796875,59404.793359375006,33831.0556640625,51472.3876953125,44071.224609375,2023-04-16,1,lstm,2023W15
23207.146435546874,63739.461816406205,24233.62646484375,60259.104296875,27061.3408203125,55881.947265625,32731.84130859375,45484.3828125,39589.853515625,2023-04-23,2,lstm,2023W15
17664.678271484376,49040.19160156248,19327.352734375,47214.4544921875,20414.4197265625,43147.91445312503,26593.619140625,36947.775390625,31112.037109375,2023-04-30,3,lstm,2023W15
10783.155498056445,122501.93388935667,12361.276699333692,91870.89867903813,14588.576242397658,68024.74800334923,19677.438627088686,43681.41425581716,28547.276720411464,2023-04-23,1,arima,2023W16
5466.991160860067,185097.27698200307,6485.053353222486,112488.75363616229,7999.505934846797,69144.58738811518,11786.108684049244,35417.838204311774,19423.73140769305,2023-04-30,2,arima,2023W16
3188.114505521139,229599.93103913573,3848.2804086866226,115972.49183194316,4857.3522505704605,61669.372565928184,7504.827079207237,27023.261142803585,13299.069355775237,2023-05-07,3,arima,2023W16
24527.502321737527,35021.424935670744,25245.58089696135,34041.24765276051,26097.845165553274,32944.03372542563,27586.869565174216,31181.16370868943,29331.75924986601,2023-04-23,1,gp,2023W16
32033.372703979792,49385.519392116694,33178.817651512974,47713.605592260166,34547.053558976724,45853.61800954113,36959.57652517333,42891.64297812296,39820.80218631879,2023-04-30,2,gp,2023W16
19697.667169483502,30900.84405072432,20431.155363585454,29813.834419842635,21308.58563448957,28606.241176476964,22858.929414434508,26687.047064357135,24702.637679376625,2023-05-07,3,gp,2023W16
21988.167333984376,60140.68496093748,23671.77734375,53473.869531249984,24609.9130859375,49550.230078125,29199.396484375,41347.4013671875,36867.966796875,2023-04-23,1,lstm,2023W16
18542.095849609374,49507.56865234372,19877.93544921875,45113.873632812494,20769.819921875,41720.013671875,24815.1904296875,35707.0458984375,31764.1982421875,2023-04-30,2,lstm,2023W16
12746.8935546875,35876.747851562475,13929.626123046875,33941.6990234375,15311.76748046875,30726.529492187503,19391.361328125,27150.14990234375,23612.3974609375,2023-05-07,3,lstm,2023W16
10245.344599345792,106027.11974873615,11703.470583170894,80733.71024219473,13750.392234551653,60648.80153387599,18385.33024961489,39688.919329089746,26350.954944357374,2023-04-30,1,arima,2023W17
5682.328186729743,158429.7399844377,6705.35883675031,100417.59433540831,8214.932628911301,63941.252484108736,11936.333773852166,34105.927735507474,19268.289408539433,2023-05-07,2,arima,2023W17
3599.316883428817,200682.64958972242,4321.096534977231,108358.9175899179,5415.024056984426,60601.01492884428,8241.891102051544,27987.786691761758,14269.815501616356,2023-05-14,3,arima,2023W17
31361.294175652278,48350.67270991953,32482.778187939835,46713.69494487696,33822.395683378054,44892.577237776706,36184.46510988608,41992.51019459024,38985.86503029397,2023-04-30,1,gp,2023W17
19208.35813534308,30149.43692678638,19924.50443298555,29087.62952653392,20781.2281175713,27908.08525965002,22295.082535575217,26033.584880751936,24095.54818866376,2023-05-07,2,gp,2023W17
13153.02728778078,20583.85507886369,13640.095491719378,19863.56849823195,14222.628573686317,19063.222311275542,15251.61388907641,17790.89634096091,16474.842234107593,2023-05-14,3,gp,2023W17
14634.941284179688,47085.637402343746,18284.3953125,45201.1478515625,22196.8455078125,42340.551171875006,27157.82421875,37389.5263671875,31866.728515625,2023-04-30,1,lstm,2023W17
13740.667602539062,39865.927929687496,15331.73896484375,39264.451367187496,19240.946875,35288.33789062501,23098.87158203125,31294.3232421875,27415.0751953125,2023-05-07,2,lstm,2023W17
11103.480346679688,30063.10717773437,11766.683447265625,29172.386523437497,13723.54814453125,27018.766406250004,16795.4931640625,22900.12158203125,20489.3388671875,2023-05-14,3,lstm,2023W17
9686.23885875809,86412.89229416547,11000.494013809443,67355.51110918309,12829.160901270146,51751.295043834325,16909.310559690926,34894.38825574935,23762.301029836777,2023-05-07,1,arima,2023W18
4921.8645284757995,91488.00929742366,5738.485143463303,62885.792740849174,6921.310144626553,42976.07949166813,9745.175996554784,24940.525074827132,15024.581728487694,2023-05-14,2,arima,2023W18
2845.2302649076214,79529.49320866757,3357.713816116447,50381.25766245233,4114.011717032265,32065.86202120227,5978.790482239486,17094.728965966144,9653.953481472023,2023-05-21,3,arima,2023W18
18703.537894996796,29390.04542707364,19402.65000835297,28352.47749876161,20239.07437304002,27199.964634947653,21717.2580487194,25368.659221049955,23475.60866484317,2023-05-07,1,gp,2023W18
12838.963106963338,20115.166511582785,13315.640498677534,19409.547540383912,13885.800326165338,18625.57087329151,14893.066352721995,17379.43107876455,16090.68812915214,2023-05-14,2,gp,2023W18
12959.413970197349,20663.50014386934,13459.942943087628,19911.122330645412,14059.51343190055,19076.37537446824,15120.968535199489,17752.22308844845,16386.49684981878,2023-05-21,3,gp,2023W18
18574.897900390624,50016.08017578123,20171.951171875,46918.6126953125,21408.097265625,42752.41484375001,25826.03564453125,35667.7626953125,31827.541015625,2023-05-07,1,lstm,2023W18
16628.947680664063,42263.38730468748,17644.7669921875,39229.8908203125,18847.794921875,35430.934765625,22233.234375,30684.87158203125,26384.892578125,2023-05-14,2,lstm,2023W18
12255.717114257812,29219.664501953117,14077.98515625,27937.514746093748,14344.6796875,25846.5046875,16638.937255859375,23791.009765625,19554.9375,2023-05-21,3,lstm,2023W18
10054.3700286139,93714.68948672865,11438.56818690557,72551.85424994685,13369.683327994717,55377.91218017164,17697.45572729922,37012.59780807764,25016.288228148474,2023-05-14,1,arima,2023W19
5745.204036831308,123305.87496202251,6728.321421796508,82436.73350827908,8162.103888979949,54968.12397041827,11625.66734091045,30961.76072735695,18226.12119697411,2023-05-21,2,arima,2023W19
3708.1226232095546,136645.7653706356,4408.237088194168,81478.3844928551,5453.241188679231,49304.758189235945,8081.625310575385,24813.45768770141,13435.93165451696,2023-05-28,3,arima,2023W19
12545.474221417482,19688.213392158406,13013.038635650837,18995.07377810733,13572.376558633447,18225.06587109593,14560.721918148269,17001.365668046325,15736.154833038947,2023-05-14,1,gp,2023W19
12688.214145111122,20256.933570790272,13179.650720682368,19517.398862479768,13768.392669943996,18696.985363059895,14810.836901944087,17395.761890168655,16053.948025284311,2023-05-21,2,gp,2023W19
10925.311537013888,17138.502141342244,11332.108273446385,16535.668207405437,11818.733954219135,15865.958150327398,12678.554215359394,14801.600225816323,13701.065885726242,2023-05-28,3,gp,2023W19
14662.1052734375,42061.143164062494,15662.244677734376,38750.05214843749,18114.8263671875,36351.178515625004,22109.45068359375,31574.3876953125,27125.009765625,2023-05-14,1,lstm,2023W19
13094.25478515625,32916.35927734375,14248.148974609376,31324.37431640625,15182.95869140625,29448.532617187502,18439.80029296875,25639.16943359375,22622.533203125,2023-05-21,2,lstm,2023W19
9569.154296875,24186.775683593743,10844.77919921875,22781.053125,11980.204296875,21200.560937500002,13690.65869140625,18797.12353515625,16291.87890625,2023-05-28,3,lstm,2023W19
8546.103642634735,72168.76311333512,9684.07047361921,56727.42846880398,11262.10146597332,43943.27985818224,14763.389456558432,29957.078685569828,20593.4245444328,2023-05-21,1,arima,2023W20
4890.2107922859905,102905.59454401705,5723.59499531599,69064.88269209686,6937.8851318012175,46209.015200844675,9866.56657187943,26134.988666030487,15433.269834013186,2023-05-28,2,arima,2023W20
3173.3464371528835,128597.73861298035,3781.4511088228664,75022.38240609509,4692.470675803313,44598.71116663415,6998.7786993296095,22005.44964310635,11748.429338076066,2023-06-04,3,arima,2023W20
12438.252221431716,19891.820213757932,12921.81996776583,19163.040368884707,13501.217998853297,18354.66906166358,14527.327697000095,17072.797931214056,15751.287496376613,2023-05-21,1,gp,2023W20
10691.773183244459,16820.20426845475,11092.477785781064,16224.912737276325,11571.9306974913,15563.73415386828,12419.367735772608,14513.282250390625,13427.60478175563,2023-05-28,2,gp,2023W20
7520.365277094474,11860.457654906404,7803.807958654038,11438.460551704326,8143.024423560363,10969.85008330111,8742.77018117308,10225.5548192349,9456.593574478344,2023-06-04,3,gp,2023W20
13095.072436523438,40407.90986328124,14328.316357421874,35813.50859375,15750.3267578125,31248.426171875,18428.49853515625,25658.50732421875,20592.0966796875,2023-05-21,1,lstm,2023W20
11382.741162109374,28617.389160156243,11719.1115234375,27908.42978515625,12769.640234375,23192.102929687502,14863.337158203125,20528.302734375,17418.705078125,2023-05-28,2,lstm,2023W20
7719.831311035156,19240.08032226562,8512.067504882812,18119.757421874998,9245.27880859375,16617.800976562507,10882.291748046875,14379.746826171875,12847.55517578125,2023-06-04,3,lstm,2023W20
5735.466931225725,31778.966460619606,6380.2388564173225,26531.47018170548,7249.732942409442,21823.705377534614,9092.984229935611,16163.489665642537,11956.184612368175,2023-05-28,1,arima,2023W21
3043.6311986007586,28073.18578810749,3461.2104971518866,21769.20805428928,4043.412788220155,16642.44271023315,5346.80148766151,11146.675392278734,7547.406988481977,2023-06-04,2,arima,2023W21
1831.763197332352,22115.40291303293,2104.5537610545985,16418.280491552156,2490.8795323920795,12041.079494409954,3378.627552997133,7636.813575869693,4940.035108910202,2023-06-11,3,arima,2023W21
10465.837614977107,16513.20547179874,10860.692550156122,15925.097277542209,11333.262469578664,15272.05157855545,12168.827778412056,14234.872734645325,13163.398014416283,2023-05-28,1,gp,2023W21
7373.714393309111,11661.78464909265,7653.388592083534,11244.378666984216,7988.1735619966685,10780.970928918427,8580.282895009803,10045.177080085306,9285.32651288829,2023-06-04,2,gp,2023W21
4559.198339211343,7406.166026111943,4742.539518160914,7126.067877869172,4962.501298057742,6815.768905193741,5352.7806519118,6324.597554704697,5819.450311797374,2023-06-11,3,gp,2023W21
8175.025549316406,25240.151855468746,9102.2322265625,21874.3939453125,10059.12158203125,20798.244335937503,11273.552001953125,17058.3505859375,13476.40966796875,2023-05-28,1,lstm,2023W21
7039.598974609375,17238.522216796868,7242.009814453125,16099.020947265624,8066.2779296875,15586.795996093751,9170.181884765625,13110.63037109375,10837.02197265625,2023-06-04,2,lstm,2023W21
5115.653991699219,12865.52917480468,5766.73037109375,11608.867822265624,6128.518603515625,10689.80400390625,6708.8494873046875,9688.8515625,7985.5087890625,2023-06-11,3,lstm,2023W21
5174.085808935887,28417.261425972512,5753.37130078172,23752.93350373014,6534.0694941253905,19561.691464304222,8187.422017647784,14512.819356184142,10751.774525405255,2023-06-04,1,arima,2023W22
2899.8072555544345,33411.58985997202,3325.937441697481,24998.710330303642,3927.842214427992,18469.172076038,5304.899243593781,11825.78256315273,7710.165950355234,2023-06-11,2,arima,2023W22
1833.2190004648182,35949.12860053231,2140.9779807003197,24459.436733300896,2587.903017894394,16564.227005699377,3659.6335455613453,9506.70351503779,5677.765058771884,2023-06-18,3,arima,2023W22
7240.9519041184785,11478.704171851296,7517.03747979963,11065.809435279052,7847.591608626223,10607.496639077792,8432.382444179248,9879.989437855065,9128.967511014973,2023-06-04,1,gp,2023W22
4506.474342038848,7327.190792645177,4688.046333474974,7049.574919076167,4905.902179199586,6742.048373074794,5292.487164610556,6255.316578775162,5754.805292679497,2023-06-11,2,gp,2023W22
3795.1736659037288,5876.451915235966,3932.2864094095635,5675.572971184343,4096.126257231981,5452.173891000755,4385.162050300301,5096.592695730271,4728.184208470421,2023-06-18,3,gp,2023W22
7050.478002929687,16407.981396484374,7694.5479736328125,15726.837109375,8400.46552734375,14923.266015625,9114.130615234375,12693.480712890625,10772.90771484375,2023-06-04,1,lstm,2023W22
5745.810021972657,11844.396557617183,6068.626635742187,11122.56171875,6390.281982421875,10872.67265625,7361.0906982421875,9298.752685546875,8400.45703125,2023-06-11,2,lstm,2023W22
4382.0614013671875,8346.86826171875,4531.657470703125,8255.709619140625,4819.56025390625,7566.602197265625,5324.200927734375,6656.4337158203125,5945.582275390625,2023-06-18,3,lstm,2023W22
4341.145921117744,19497.83630397368,4780.268845307009,16730.364063216868,5363.456413408127,14153.871079715853,6569.8211299186105,10912.967202181724,8376.361325642609,2023-06-11,1,arima,2023W23
2776.08225148309,22083.11401367184,3137.975979127511,17515.078564271567,3637.9412869060775,13687.891121459497,4740.4180753436585,9443.18914316785,6558.755321142924,2023-06-18,2,arima,2023W23
1951.0469120219368,23066.576904069123,2239.8817363694707,17184.698585599126,2648.4501252568743,12644.903457122744,3585.462981671306,8054.1494929126075,5228.405170353497,2023-06-25,3,arima,2023W23
4462.782228951628,7258.120111405343,4642.697414707152,6982.972408109711,4858.570271966507,6678.186587465933,5241.648879687141,6195.807676244675,5699.793149456499,2023-06-11,1,gp,2023W23
3759.2321371116072,5820.989160229705,3895.056813820874,5621.991823119908,4057.3579440435506,5400.685856729415,4343.680313252286,5048.437527957971,4683.483913656992,2023-06-18,2,gp,2023W23
2407.887473793689,3762.235858864768,2496.732849407128,3631.0460017684863,2602.9765792444896,3485.254311262755,2790.606780213328,3253.440524812838,3013.5963353269963,2023-06-25,3,gp,2023W23
5337.657897949219,10448.768017578122,5508.908251953125,10065.65927734375,5781.784716796875,9824.4228515625,6458.978271484375,8564.0869140625,7352.845703125,2023-06-11,1,lstm,2023W23
4195.84169921875,7700.539111328123,4560.3038330078125,7318.994921875,4761.159228515625,6753.255468750001,5124.862548828125,6144.141845703125,5528.470458984375,2023-06-18,2,lstm,2023W23
3090.698205566406,5398.25822753906,3170.9681030273437,5165.0467529296875,3353.8981689453126,4811.0021484375,3628.51416015625,4375.649658203125,3957.2752685546875,2023-06-25,3,lstm,2023W23
3669.959216710429,15860.137927186794,4033.3434788870222,13675.12084821105,4514.54192073347,11627.440361350571,5505.332693025012,9030.632941056685,6978.904279415087,2023-06-18,1,arima,2023W24
2204.18646356471,18510.09533261306,2497.1173387152044,14561.959832337541,2903.187005299214,11289.579782663353,3803.6467958667063,7704.9243052138445,5301.687534490093,2023-06-25,2,arima,2023W24
1466.9921655315961,20281.668520183382,1693.6277695269707,14711.630734390086,2016.9708216364488,10558.441275947564,2769.309022549604,6513.346924898241,4118.963569034833,2023-07-02,3,arima,2023W24
3732.870594163661,5776.962785166489,3867.566859345734,5579.714440070238,4028.512129444809,5360.343714019078,4312.42368045767,5011.15324839455,4649.33683650939,2023-06-18,1,gp,2023W24
2383.245765801983,3726.870292465639,2471.3526536157406,3596.6753737374197,2576.7206938924737,3451.999154428193,2762.823124448063,3221.981332966448,2984.026108174873,2023-06-25,2,gp,2023W24
1733.8235704076535,2858.106955231271,1805.7268101838658,2746.854807741878,1892.097220638159,2623.751031615944,2045.6120200569471,2429.216478744434,2229.5930774357544,2023-07-02,3,gp,2023W24
4346.062023925781,8204.006518554686,4605.114892578125,7499.223193359375,4942.579833984375,7272.46484375,5309.21142578125,6751.6246337890625,5934.44091796875,2023-06-18,1,lstm,2023W24
3626.197198486328,6253.777795410155,3712.2069702148438,5883.032153320311,3944.1114013671877,5595.070166015625,4200.1802978515625,5160.9222412109375,4569.6279296875,2023-06-25,2,lstm,2023W24
2643.8200866699217,4417.3568115234375,2724.915563964844,4290.995751953124,2780.9702880859377,4187.793798828125,3088.1019897460938,3711.4979858398438,3392.1033935546875,2023-07-02,3,lstm,2023W24
2911.8409748370764,10946.818054436219,3177.104072504074,9601.281392628174,3524.593284690663,8310.586394725668,4227.935667326845,6625.409760530811,5247.984920318256,2023-06-25,1,arima,2023W25
1810.903030384045,12567.721825195627,2035.0943785366362,10169.176848380976,2342.1024380486406,8105.620085336953,3009.371125914011,5745.179962564154,4085.7882135654886,2023-07-02,2,arima,2023W25
1239.7935947178598,13792.143669562609,1420.1255045876173,10379.2912252043,1674.3350651444848,7710.424843210407,2253.9835285581194,4972.338434184554,3261.1299660848363,2023-07-09,3,arima,2023W25
2364.1973585768174,3699.1944013332845,2451.7149321164898,3569.8059353978174,2556.383198757201,3426.032467367306,2741.2622956548203,3197.4649550214053,2961.0308254625897,2023-06-25,1,gp,2023W25
1723.0533917929652,2836.497471415078,1794.3095887692289,2726.3773023377794,1879.8930025000943,2604.512778635935,2031.9841740001423,2411.906371324735,2214.220224948606,2023-07-02,2,gp,2023W25
1358.900205340317,2237.618108129065,1415.1293709385004,2150.7054718716163,1482.6654758070288,2054.5251427830362,1602.687513807859,1902.516064872799,1746.502822765464,2023-07-09,3,gp,2023W25
3337.409313964844,5793.889746093748,3505.3012939453124,5603.113012695312,3704.5899658203125,5389.608642578125,4080.5283203125,5036.070556640625,4570.10400390625,2023-06-25,1,lstm,2023W25
2800.205432128906,4493.115527343749,2915.374951171875,4407.511206054687,3035.19599609375,4271.70732421875,3326.3444213867188,3945.0927124023438,3577.61376953125,2023-07-02,2,lstm,2023W25
2137.143212890625,3481.2125854492183,2228.4182983398437,3383.989782714844,2306.60517578125,3262.2019531250003,2465.7506713867188,2997.7391967773438,2706.7950439453125,2023-07-09,3,lstm,2023W25
2274.8141875480055,7532.733152366119,2465.054856921871,6706.361876676384,2711.7285750224883,5897.240777508305,3203.0531604776056,4812.991040780406,3899.1191133102047,2023-07-02,1,arima,2023W26
1465.4942064246452,8510.295869923031,1633.8065400282292,7060.0025533217095,1861.5283859637366,5769.95140918437,2346.851212752073,4234.756579254903,3106.7827780261514,2023-07-09,2,arima,2023W26
1033.0032014063404,9319.381761614932,1173.691156242301,7251.544212771212,1369.57941094517,5562.243570027801,1807.142962095053,3742.0450196778447,2543.3623568844077,2023-07-16,3,arima,2023W26
1717.5291813482918,2825.8479344072384,1788.476012314744,2716.2586152945514,1873.6839164802832,2594.9761861244065,2025.097753101329,2403.2776021154564,2206.5065484753177,2023-07-02,1,gp,2023W26
1356.338282804015,2230.4739968747003,1412.3092082723877,2144.059527068151,1479.5277476208157,2048.4204079996307,1598.966628504835,1897.243845838211,1742.0537620248178,2023-07-09,2,gp,2023W26
1147.7309074390396,1852.3093654313602,1193.251142044653,1783.1760547716551,1247.832604215309,1706.546929174955,1344.5981991760696,1585.1561747101503,1460.1812808748275,2023-07-16,3,gp,2023W26
2780.8889770507812,4340.821679687499,2823.5664916992187,4195.785717773438,2896.859716796875,4095.6620849609376,3161.2743530273438,3847.5391235351562,3486.8974609375,2023-07-02,1,lstm,2023W26
2320.279266357422,3440.121551513672,2352.4026611328127,3388.0982666015625,2408.8093505859374,3297.044921875,2603.671630859375,3078.9033813476562,2811.466064453125,2023-07-09,2,lstm,2023W26
1711.9272827148438,2836.6889892578124,1811.1219970703125,2696.9699584960936,1854.8502197265625,2591.7817138671876,1964.7273559570312,2331.7642211914062,2139.6778564453125,2023-07-16,3,lstm,2023W26
1695.0794585248573,4684.960544912441,1818.0648743265112,4256.715225240219,1975.119416430314,3825.463308316383,2280.6121033724817,3226.2739789874454,2698.8713209169646,2023-07-09,1,arima,2023W27
1088.4088215046631,4384.003745169939,1191.8664196293344,3813.1073960342974,1328.1282663293796,3271.7048976853393,1606.2972947094609,2574.8942412942265,2014.8110857189236,2023-07-16,2,arima,2023W27
758.2070940196078,3950.348537642762,840.9907894168855,3325.2128948451614,952.1390777904636,2758.142491485914,1186.1066416066717,2067.1684886995313,1545.7093470246375,2023-07-23,3,arima,2023W27
1355.135722063821,2226.6305769358255,1410.9598399783335,2140.5058022635653,1477.9973570102177,2045.1808849396027,1597.1026097231882,1894.4864297754036,1739.7713211824723,2023-07-09,1,gp,2023W27
1147.725128926918,1849.474727863654,1193.095486687706,1780.6608200281532,1247.4902766237144,1704.3763648042084,1343.9072814721676,1583.5103377979567,1459.0464458991255,2023-07-16,2,gp,2023W27
996.4965808382816,1556.751375035575,1033.2556750435615,1502.489846176714,1077.211863990437,1442.1870728901529,1154.8366677770412,1346.299560238496,1247.0847846418071,2023-07-23,3,gp,2023W27
1961.979928588867,3394.039453125,2230.3951782226563,3255.2226440429686,2324.7903076171874,3162.638696289063,2516.07958984375,2916.3713989257812,2696.66064453125,2023-07-09,1,lstm,2023W27
1753.4139251708984,2686.942010498047,1867.0900085449218,2599.53837890625,1974.9828979492188,2518.411889648438,2111.6815185546875,2386.5068359375,2230.8016357421875,2023-07-16,2,lstm,2023W27
1448.1247955322265,2120.591351318359,1475.3260498046875,2072.635705566406,1538.2884887695313,1999.697595214844,1642.9988403320312,1882.68115234375,1753.0880737304688,2023-07-23,3,lstm,2023W27
1711.23551614455,4736.1631224571765,1835.541634286628,4302.5850487504695,1994.3017614562962,3866.0546869436753,2303.1692420828,3259.6971242319855,2726.161132085324,2023-07-16,1,arima,2023W28
1241.1988186275407,5254.76539786153,1362.6695529098479,4542.4649451251435,1523.2708604760016,3872.6006249580573,1853.127312862886,3019.4092483646023,2341.9100923207316,2023-07-23,2,arima,2023W28
959.8186864608437,5617.983539138145,1070.4438654455942,4655.564312974415,1220.1987806611146,3800.7207003865537,1539.6414221062378,2785.1974272520333,2040.5042447798292,2023-07-30,3,arima,2023W28
1148.7146461634966,1849.5205533959058,1194.0419994317333,1780.822079759622,1248.3814195877765,1704.660465571803,1344.6906187191844,1583.9774235350008,1459.685968658619,2023-07-16,1,gp,2023W28
997.7336443192454,1557.544062611394,1034.4762704101158,1503.341453164867,1078.410078133299,1443.1006126293585,1155.9885671146926,1347.3034920466055,1248.1710918685035,2023-07-23,2,gp,2023W28
994.7844471259975,1572.6658990156677,1032.4874590243467,1516.4302628848561,1077.617281741919,1453.9933850724992,1157.4282252903156,1354.848609721196,1252.4510575647064,2023-07-30,3,gp,2023W28
1833.1497192382812,3086.3666625976557,1919.9195068359375,3029.8553466796875,2032.0309814453126,2840.211962890625,2183.714111328125,2587.9778442382812,2387.4512939453125,2023-07-16,1,lstm,2023W28
1595.0509124755858,2585.6947387695313,1683.7967834472656,2425.2041381835934,1724.834228515625,2286.4523681640626,1857.2941589355469,2123.119873046875,2022.9784545898438,2023-07-23,2,lstm,2023W28
1278.5720947265625,2014.9346984863275,1340.39208984375,1881.9572875976562,1430.6986328125,1845.514208984375,1517.375244140625,1716.8378601074219,1608.239990234375,2023-07-30,3,lstm,2023W28
1455.0769828103964,3930.54290163094,1558.552079215225,3580.200403582735,1690.4287734466025,3226.1725422347586,1946.1596956331953,2732.053467996861,2294.752296217263,2023-07-23,1,arima,2023W29
1030.0093854000963,4587.75008388531,1133.7238361083917,3940.728715985732,1271.3778795412543,3337.4941547806607,1555.8404650169184,2577.3577930427855,1981.1945994981866,2023-07-30,2,arima,2023W29
780.6940594359844,5262.326177220804,876.2247432297796,4275.801636478449,1006.7922751275198,3422.329907230578,1289.6816980230044,2439.6711044077565,1743.8410503636023,2023-08-06,3,arima,2023W29
999.3725386806632,1559.817343021579,1036.1599682621074,1505.5572723310283,1080.1466774216549,1445.2516844500165,1157.816885704792,1349.3495824984084,1250.1057630063744,2023-07-23,1,gp,2023W29
996.6022678887521,1574.950266295656,1034.342391121518,1518.6776311751742,1079.5152223142445,1456.197796181568,1159.3986513850764,1356.9805311213572,1254.502221938074,2023-07-30,2,gp,2023W29
1061.0750554570227,1660.0141841701359,1100.3452804065987,1601.9722028834772,1147.3099755367496,1537.4756335121467,1230.2621225672126,1434.9367864669543,1328.863627338918,2023-08-06,3,gp,2023W29
1729.6578704833985,2475.94058227539,1782.5549865722655,2440.8764892578124,1845.3276977539062,2377.386572265625,1998.29638671875,2228.5277709960938,2112.1151123046875,2023-07-23,1,lstm,2023W29
1457.8033874511718,2076.5684936523435,1543.8077453613282,2048.5547119140624,1604.636669921875,1976.7748657226564,1706.0154113769531,1890.9427185058594,1771.3744506835938,2023-07-30,2,lstm,2023W29
1257.4156341552734,1692.4326965332032,1288.2829956054688,1668.954608154297,1310.6887573242188,1645.075769042969,1366.9596252441406,1535.8486938476562,1450.5086059570312,2023-08-06,3,lstm,2023W29
1166.8136776993754,2808.5281855982353,1241.1715259980704,2589.940428154781,1334.9746763803494,2365.232431680172,1514.0381512404238,2044.4735598185175,1752.7253192368423,2023-07-30,1,arima,2023W30
798.942026305554,2717.210965100681,867.0295780604869,2411.632873213359,955.5078693465895,2113.706614523006,1132.3430047650413,1716.6387432895149,1384.115747168886,2023-08-06,2,arima,2023W30
583.4981278197373,2547.8736646431485,641.6098343412551,2194.013573605862,718.6225554959782,1862.9789175985522,877.3903010722195,1444.0865015803963,1113.9568400526025,2023-08-13,3,arima,2023W30
999.0093452097683,1578.8237613431015,1036.8443548351672,1522.407432020099,1082.1309301951062,1459.7682790517715,1162.2159349505828,1360.2985347410968,1257.5601581836825,2023-07-30,1,gp,2023W30
1063.4488784840503,1663.5868295248545,1102.7992689469104,1605.4306310766922,1149.8595057543644,1540.8067055300803,1232.9795682112106,1438.0643860063867,1331.7793661175463,2023-08-06,2,gp,2023W30
1099.4671027589545,1709.913132973189,1139.6037659141007,1650.8961118786635,1187.580906901016,1585.2848277667863,1272.2613204474999,1480.9024951148476,1372.8239701206114,2023-08-13,3,gp,2023W30
1521.0428985595704,2146.503149414062,1549.260009765625,2114.9977294921873,1617.4712280273438,2036.0411254882813,1667.971923828125,1923.6333618164062,1798.2481689453125,2023-07-30,1,lstm,2023W30
1338.588052368164,1848.31828918457,1410.5098815917968,1798.3531066894532,1434.6461303710937,1763.6804565429688,1502.4869384765625,1686.6024169921875,1574.075439453125,2023-08-06,2,lstm,2023W30
1140.0398315429688,1543.6097045898437,1173.2780212402345,1523.2034729003906,1231.2455322265625,1496.3678222656251,1283.3258972167969,1437.9098205566406,1344.0645751953125,2023-08-13,3,lstm,2023W30
1273.508759603251,3151.0356643434,1356.939833175051,2897.3482622485885,1462.4498699365072,2637.612700687058,1664.6264707260605,2268.827666591758,1935.5768059782267,2023-08-06,1,arima,2023W31
966.2282150333166,3579.0833614098387,1053.4204308184258,3144.7278726842997,1167.5064103210489,2727.0634209049867,1397.9974911541137,2180.075877346123,1731.3721234269346,2023-08-13,2,arima,2023W31
772.9535882802162,3953.3266877104334,856.5870011589917,3335.845178781549,968.7265072921736,2773.8710358944672,1204.275172753887,2086.361956345078,1565.148434689715,2023-08-20,3,arima,2023W31
1065.5319124682471,1666.3994647336347,1104.9351112861477,1608.1787892096008,1152.0574502171223,1543.4818255069067,1235.2845408994904,1440.6202163510782,1334.2074228981191,2023-08-06,1,gp,2023W31
1101.0497971794857,1711.5344819086358,1141.1982925513655,1652.5253270101407,1189.1876080109432,1586.9201975314809,1273.8845392461974,1482.541746332722,1374.4590850045959,2023-08-13,2,gp,2023W31
1230.2949012244244,1840.7164412360942,1271.1671969561958,1782.6137101646366,1319.8658816361653,1717.8171325409926,1405.423051507849,1614.2689661604757,1506.413649314983,2023-08-20,3,gp,2023W31
1495.1138092041015,2036.2412963867187,1529.3975830078125,2013.537841796875,1604.0950927734375,1949.1862915039064,1655.1866149902344,1873.649658203125,1759.2371826171875,2023-08-06,1,lstm,2023W31
1410.1601837158203,1875.3659301757812,1437.5519226074218,1839.386651611328,1467.1511962890625,1752.9423828125,1517.4059448242188,1698.1498413085938,1603.6868896484375,2023-08-13,2,lstm,2023W31
1235.8393249511719,1693.4446411132808,1249.7183837890625,1587.4315612792968,1284.3195556640626,1562.145837402344,1336.2919616699219,1502.9380187988281,1404.144775390625,2023-08-20,3,lstm,2023W31
1243.7981598359224,3051.979723373436,1324.613132810773,2808.7436655973424,1426.738496729758,2559.402553586788,1622.2056344390314,2204.803444001453,1883.7390361688776,2023-08-13,1,arima,2023W32
959.418485098686,3490.720289377404,1044.9945600355943,3073.6491911367684,1156.8060320795614,2671.4292126002974,1382.1942797289914,2142.718358889401,1707.118280825938,2023-08-20,2,arima,2023W32
778.5036457435458,3871.4306876430055,861.568030811505,3278.7708802777206,972.7178234479298,2736.7013994842487,1205.4251857032518,2069.5176801556054,1560.2070391896432,2023-08-27,3,arima,2023W32
1102.4063205525017,1712.5937501457972,1142.5468642240505,1653.6278077267405,1190.5242169570643,1588.067488453854,1275.1938306880995,1483.7529554482753,1375.7263027523936,2023-08-13,1,gp,2023W32
1230.6753981024665,1840.4190045459275,1271.5113157920223,1782.3918433904134,1320.1647428424665,1717.6770839835763,1405.6375919353347,1614.254035135916,1506.521228472636,2023-08-20,2,gp,2023W32
1225.7434062264676,1783.1491121989193,1263.5592842354545,1730.6927786842846,1308.5108101091603,1672.060392765831,1387.220371660489,1578.0580019505192,1479.721155833452,2023-08-27,3,gp,2023W32
1458.8490203857423,2000.2402709960934,1510.7939392089843,1945.1769653320312,1574.7354614257813,1900.4825805664063,1637.0868225097656,1833.3070678710938,1733.22607421875,2023-08-13,1,lstm,2023W32
1397.0043151855468,1818.7260650634767,1441.2697814941407,1806.7938415527344,1476.6425170898438,1757.845263671875,1542.2189025878906,1710.8414611816406,1629.7635498046875,2023-08-20,2,lstm,2023W32
1237.4596771240235,1640.8311798095704,1300.9955200195313,1616.8046936035155,1337.1776977539062,1581.9412231445312,1388.8117065429688,1531.2657165527344,1460.053466796875,2023-08-27,3,lstm,2023W32
1179.550840033674,2954.4046560795487,1257.7542869118736,2713.0294275487586,1356.7611365377802,2466.344976918605,1546.7939823264685,2116.920058934533,1802.075383982866,2023-08-20,1,arima,2023W33
901.6267271433937,3590.675099027485,986.7475432699723,3127.4267621947456,1098.7595780354673,2687.277685655574,1327.105350299332,2119.441294479301,1661.761945969081,2023-08-27,2,arima,2023W33
726.7026463916682,4256.3579563817375,810.484655729023,3526.877340866894,923.9068389068216,2879.014739730401,1165.8661823281293,2109.4903803152843,1545.28380744441,2023-09-03,3,arima,2023W33
1231.2499464943783,1840.0985679788785,1272.0381793035974,1782.1715841122254,1320.6321911221155,1717.565207378374,1405.9941240740814,1614.3077150181457,1506.7367469385358,2023-08-20,1,gp,2023W33
1225.235077945352,1781.8916932384927,1263.0052606079967,1729.5120441898362,1307.9013793694396,1670.9639963541988,1386.511195334745,1577.0936599788133,1478.8905572337237,2023-08-27,2,gp,2023W33
1146.360390515617,1668.5820810382486,1181.7805104455476,1619.4262378291662,1223.8860779734903,1564.4852890368818,1297.6170763660116,1476.4066132699522,1384.2741660837478,2023-09-03,3,gp,2023W33
1386.0740539550782,1889.968994140625,1396.31513671875,1873.8197814941407,1463.7283203125,1821.9272338867188,1542.1194763183594,1747.2955932617188,1639.1492919921875,2023-08-20,1,lstm,2023W33
1325.5226165771485,1822.781536865234,1331.69423828125,1786.8621948242187,1408.9550537109376,1745.3443725585937,1487.5704345703125,1667.6816711425781,1567.5921630859375,2023-08-27,2,lstm,2023W33
1217.4661590576172,1693.7160888671874,1238.1417236328125,1644.173028564453,1284.3623901367187,1606.0658203125001,1370.5985717773438,1521.130859375,1435.21435546875,2023-09-03,3,lstm,2023W33
1089.7902576765332,2536.4221362605317,1156.8487698883673,2347.248037250002,1241.186487188713,2151.821632207065,1401.4332476777906,1871.048287280025,1613.6354449441005,2023-08-27,1,arima,2023W34
795.3218104282797,2641.6000744332055,861.978192446072,2350.9808090806678,948.4290800116273,2066.565443448912,1120.689028348625,1685.6738982073095,1364.8699698897078,2023-09-03,2,arima,2023W34
611.898999279121,2662.101892468756,672.7142952594506,2293.4321918964915,753.2875538872971,1948.327348805642,919.3221634401726,1511.2918949680025,1166.5546014590072,2023-09-10,3,arima,2023W34
1225.1014931853663,1781.3128662916229,1262.8452682285092,1728.979705039865,1307.7091888621937,1670.482599404433,1386.2606037454898,1576.6915938372958,1478.5682187850266,2023-08-27,1,gp,2023W34
1145.6550563829237,1667.4018828415865,1181.0444921890462,1618.2925787069505,1223.1132601657448,1563.4032371068938,1296.7790076030392,1475.4063553693265,1383.3581580456719,2023-09-03,2,gp,2023W34
1161.427434314713,1689.6590647478686,1197.2635737075605,1639.9476506283374,1239.8618997887513,1584.3834947925573,1314.4512998230598,1495.3005483485774,1402.110405015351,2023-09-10,3,gp,2023W34
1448.9660919189453,1920.6823852539055,1469.1293518066407,1855.0106506347656,1488.3117065429688,1774.6595581054687,1552.5667419433594,1697.6113891601562,1633.334716796875,2023-08-27,1,lstm,2023W34
1400.9737579345704,1854.8458404541016,1442.8203125,1786.9404663085936,1452.0096069335937,1726.9533081054688,1526.4149169921875,1664.0455932617188,1603.9053955078125,2023-09-03,2,lstm,2023W34
1303.2645080566406,1759.0218780517578,1352.5510986328125,1687.0939880371093,1368.089404296875,1624.8686157226564,1432.7130126953125,1557.7068786621094,1507.2694091796875,2023-09-10,3,lstm,2023W34
1087.5825929040018,2644.360690874856,1157.603348280615,2435.962276011558,1246.0154770520805,2222.0456456051697,1415.0227521264894,1917.2858561182063,1640.7497583415875,2023-09-03,1,arima,2023W35
847.6322752682338,3251.8569834986224,925.8416974799817,2845.1996852600223,1028.4584677231628,2456.4173030190454,1236.686852885189,1950.936323110537,1539.7968461961993,2023-09-10,2,arima,2023W35
694.0347799480469,3910.300224671758,772.6603205944996,3257.2645667031366,878.8139526897185,2673.1698881343746,1104.2780420737095,1973.4625935309134,1455.5030116195305,2023-09-17,3,arima,2023W35
1145.0578016697266,1666.2951089360033,1180.4150320646527,1617.2366074523366,1222.445015795513,1562.4034159057026,1296.0415953691158,1474.495099668323,1382.5375233515065,2023-09-03,1,gp,2023W35
1160.6372660264426,1688.3033931251584,1196.4370836360106,1638.6476652762892,1238.9917999022066,1583.1452037411775,1313.503751834321,1494.1599083644853,1401.0701642421764,2023-09-10,2,gp,2023W35
1064.1115733827648,1534.692318351197,1096.1665537839972,1490.5630107623017,1134.2425401413084,1441.203439253474,1200.8440642297423,1361.9880680314413,1279.00910747132,2023-09-17,3,gp,2023W35
1354.2032104492187,1736.3029998779296,1372.7854431152343,1722.903369140625,1404.981591796875,1674.97607421875,1484.0115966796875,1625.9057922363281,1547.7522583007812,2023-09-03,1,lstm,2023W35
1323.7566802978515,1694.4286224365235,1355.4590148925781,1683.6929260253905,1401.03974609375,1654.617919921875,1446.9889526367188,1585.4702758789062,1517.898193359375,2023-09-10,2,lstm,2023W35
1268.0827575683593,1632.1815063476558,1281.1003784179688,1568.5741760253904,1319.6522705078125,1542.5443237304687,1347.9436950683594,1500.5172424316406,1431.9962158203125,2023-09-17,3,lstm,2023W35
998.9180384841023,2349.0069299070096,1061.0587534544381,2171.4777703767063,1139.2847427288534,1988.3557539070973,1288.1317275307395,1725.7812587449707,1485.6373279252693,2023-09-10,1,arima,2023W36
780.7358945694048,2935.2545392302586,851.8616528605909,2574.4502324165564,945.0352990178995,2228.354461355545,1133.6264106742335,1776.484290354077,1407.140359644604,2023-09-17,2,arima,2023W36
639.091783013185,3632.6290908414826,711.7850066353946,3022.357218023063,809.9899927033297,2477.3865556041105,1018.7800173777185,1825.8051612642314,1344.5198612967447,2023-09-24,3,arima,2023W36
1159.7870966256417,1686.7348107789835,1195.5414595308723,1637.1506574988323,1238.0414459406143,1581.7273163882742,1312.455818036812,1492.8668454435863,1399.904861670213,2023-09-10,1,gp,2023W36
1063.3902102703596,1533.4378027315904,1095.4109600384584,1489.3610011366584,1133.4458424321715,1440.059601637292,1199.974358381537,1360.93630680706,1278.0520108411956,2023-09-17,2,gp,2023W36
953.6720821305883,1378.206916392928,982.5636252587677,1338.3632777507107,1016.887687622607,1293.8045036088872,1076.9407434375,1222.3102855373204,1147.4423478675403,2023-09-24,3,gp,2023W36
1261.7899993896485,1611.1657745361329,1282.6013916015625,1579.7891662597656,1323.1093017578125,1550.90361328125,1377.4525146484375,1492.4092712402344,1422.0469360351562,2023-09-10,1,lstm,2023W36
1255.8852905273438,1593.285900878906,1269.2488586425782,1536.7117126464843,1298.570751953125,1508.999755859375,1352.9994201660156,1456.4797058105469,1400.9954833984375,2023-09-17,2,lstm,2023W36
1173.961489868164,1512.2516204833985,1190.1756958007813,1479.9645385742188,1213.0990478515625,1432.8175415039063,1266.8233337402344,1380.9805908203125,1328.0758666992188,2023-09-24,3,lstm,2023W36
1294.494732625114,3196.0871937651964,1379.1211355150633,2939.441631444281,1486.122259353284,2676.5941097744503,1691.0956258128751,2303.234980610657,1965.6791568226445,2023-09-17,1,arima,2023W37
1043.8727214271858,3968.665135689479,1139.6448787495021,3476.1569724444757,1265.2158146943075,3004.5945457521925,1519.736105705939,2390.335548995324,1889.6213543176202,2023-09-24,2,arima,2023W37
876.2783632513783,4781.7957296340965,974.0901614390403,4000.380585108274,1105.8501543709149,3297.4042723536104,1384.684453259919,2449.3920149516116,1816.678855685137,2023-10-01,3,arima,2023W37
1062.4221578215968,1531.721629738268,1094.3950621217857,1487.7187291874309,1132.372449682592,1438.4991581226209,1198.7987398033547,1359.5052736013802,1276.7538697625355,2023-09-17,1,gp,2023W37
952.9045683542502,1376.9599022050697,981.7648293518263,1337.1628908364069,1016.0514405303992,1292.6559010326675,1076.0382537159014,1221.2439404527634,1146.4609852743286,2023-09-24,2,gp,2023W37
1470.9909609899926,2219.2484987066855,1520.8958273553715,2147.784594074988,1580.398313878561,2068.141373170214,1685.041065504898,1940.99077628987,1808.722026865044,2023-10-01,3,gp,2023W37
1418.262274169922,1931.1488983154293,1470.7029235839843,1878.3143432617187,1521.7453857421874,1835.3302001953125,1586.814697265625,1764.2574157714844,1670.54248046875,2023-09-17,1,lstm,2023W37
1422.5365631103516,1923.1478210449218,1455.7440124511718,1892.2298706054687,1496.3217895507812,1828.6181518554688,1584.6654663085938,1767.267333984375,1674.922607421875,2023-09-24,2,lstm,2023W37
1344.700244140625,1860.9619140625,1384.2708923339844,1848.0052001953125,1433.3437744140624,1788.4671020507815,1524.5671081542969,1688.6284790039062,1628.2755126953125,2023-10-01,3,lstm,2023W37
1437.1025721528533,3850.5443550473997,1538.5611944997722,3510.433405736057,1667.7761576664666,3166.322991129196,1918.0712666510021,2685.2770594352783,2258.720730965011,2023-09-24,1,arima,2023W38
1141.076367326449,5423.130232683723,1260.0337138451805,4619.94775979201,1418.684373154237,3879.470868903153,1749.0781768902857,2959.189576071334,2248.8108069271166,2023-10-01,2,arima,2023W38
934.89317769702,7455.217692453348,1056.8757110010904,5910.8814498909815,1225.423923785983,4617.636963975107,1597.1860764063092,3184.1163067350435,2210.583219640567,2023-10-08,3,arima,2023W38
952.2186784033713,1375.6929438927427,981.0420898614149,1335.9537105349125,1015.284349654084,1291.5106160704192,1075.1921320568845,1220.1995183688248,1145.5198771501612,2023-09-24,1,gp,2023W38
1470.8483440315308,2219.1391441900805,1520.7543115714018,2147.6706883851502,1580.258348115258,2068.0227015895775,1684.9044219924413,1940.8651968461256,1808.5902324937115,2023-10-01,2,gp,2023W38
1666.0232447270387,2539.711679639011,1724.0093085311644,2455.917484526689,1793.2073386045845,2362.6110574387258,1915.052493587236,2213.8262543899327,2059.3003137627543,2023-10-08,3,gp,2023W38
1598.4076721191407,2165.1982971191405,1665.5787841796875,2155.6747924804686,1716.654052734375,2131.6299316406253,1811.4884033203125,2066.5435791015625,1924.3939819335938,2023-09-24,1,lstm,2023W38
1618.3159240722657,2285.3832397460938,1704.9929626464843,2256.723583984375,1761.754541015625,2175.967944335938,1874.9622192382812,2095.5110473632812,1988.5184936523438,2023-10-01,2,lstm,2023W38
1625.8228515625,2308.83359375,1653.469287109375,2243.629711914062,1708.1972045898438,2168.0837158203126,1826.0459594726562,2090.4029541015625,1957.8931274414062,2023-10-08,3,lstm,2023W38
1327.4417693088399,3467.577197504866,1419.0209892134817,3169.9805110858974,1535.394384932134,2867.73474600408,1760.0427690038873,2443.1045550156327,2064.294118502665,2023-10-01,1,arima,2023W39
1045.9794804195715,4550.1558836509885,1149.931474343721,3920.060290199398,1287.6548811214666,3330.2298549633665,1571.453586454179,2583.2624944423533,1994.034400013077,2023-10-08,2,arima,2023W39
858.3163713037068,5770.635591562478,963.2359837984013,4690.540745822236,1106.6113117471548,3755.6608640343284,1417.1632796051217,2678.6502647463108,1915.5202285272455,2023-10-15,3,arima,2023W39
1470.933605218109,2219.232493044495,1520.8404846113685,2147.7637229743814,1580.3455293457569,2068.1152838746134,1684.9931774603012,1940.9568233739753,1808.6805410990914,2023-10-01,1,gp,2023W39
1666.3947328577342,2540.6993924000867,1724.4171642720103,2456.8404931281616,1793.6595547794898,2363.4632659505137,1915.5852405411586,2214.5684225674554,2059.9321469270253,2023-10-08,2,gp,2023W39
1410.170224905292,2160.406080843616,1459.8472349831804,2088.3089208050146,1519.154090572157,2008.0593111440094,1623.6443845580977,1880.167692129368,1747.4420827791052,2023-10-15,3,gp,2023W39
1691.0939819335938,2422.462817382812,1737.2759704589844,2335.294262695312,1780.8761474609375,2255.352490234375,1859.2817077636719,2106.246826171875,1947.8470458984375,2023-10-01,1,lstm,2023W39
1747.0436767578126,2516.8735595703124,1802.1726867675782,2504.8876831054686,1852.0118530273437,2403.6336669921875,1971.4827270507812,2207.8673706054688,2079.719970703125,2023-10-08,2,lstm,2023W39
1740.1057373046874,2584.910784912109,1806.7283020019531,2540.694372558594,1864.7217651367187,2412.3693603515626,1986.8963317871094,2235.4622192382812,2104.0665283203125,2023-10-15,3,lstm,2023W39
1602.1795584608587,4433.481993497296,1718.5445022083754,4027.697706014737,1867.1599320421049,3619.138507424366,2156.2835229276216,3051.612524067489,2552.2217759029445,2023-10-08,1,arima,2023W40
1285.3043491593291,6081.199631753963,1418.9832901318603,5183.548794744689,1597.2085941595424,4355.330769981828,1968.16996704869,3325.0137177454667,2528.8191937168226,2023-10-15,2,arima,2023W40
1070.2914373396773,8017.8313120890925,1206.759954085353,6416.054412078116,1394.5734176148576,5058.160142030185,1806.1213533200964,3531.4409343516127,2478.3561327333227,2023-10-22,3,arima,2023W40
1664.8826788498886,2538.4942871593717,1722.8580438763242,2454.700535285972,1792.0444941443811,2361.3961457701052,1913.8722503448928,2212.618122072184,2058.1041062553645,2023-10-08,1,gp,2023W40
1409.13746716644,2159.500946063689,1458.8155947716168,2087.382430223462,1518.1253393808051,2007.1110777345311,1622.624641703494,1879.1894415416418,1746.4390866156132,2023-10-15,2,gp,2023W40
2073.5549865397466,3194.7435298468913,2147.5943187077764,3086.7492998956836,2236.02853998056,2966.599086303352,2391.944112869214,2775.245852553941,2576.83524408548,2023-10-22,3,gp,2023W40
1879.9784851074219,2791.4035949707027,1933.6541748046875,2716.9436157226564,2024.3045166015625,2656.1494384765624,2178.97900390625,2467.12890625,2327.8326416015625,2023-10-08,1,lstm,2023W40
2116.285607910156,3158.658520507812,2157.1278686523438,3035.8611450195312,2216.0917724609376,2933.247387695313,2355.878662109375,2771.734619140625,2564.1895751953125,2023-10-15,2,lstm,2023W40
2150.644921875,3445.9041748046875,2175.1041015625,3236.3542724609374,2235.007568359375,3110.5327636718753,2448.3201293945312,2915.1484985351562,2677.492919921875,2023-10-22,3,lstm,2023W40
1517.4812226556955,4108.983022695199,1625.62427588366,3741.7560807325726,1763.4790723648398,3370.800885161752,2030.8890158648192,2853.301198792398,2395.570119560033,2023-10-15,1,arima,2023W41
1206.6584857840335,5471.636897058569,1329.3520962986195,4689.325841320114,1492.41507344754,3962.1973797507294,1830.1080824468852,3049.4148089505716,2336.66369141679,2023-10-22,2,arima,2023W41
999.8738987163973,7022.174589802659,1124.2407873863563,5672.285518940416,1294.6823887102328,4513.567477877839,1665.6041039951904,3191.6802558786994,2265.133647437378,2023-10-29,3,arima,2023W41
1408.0087566431341,2157.960067639218,1457.6575544023633,2085.878633855895,1516.9327156972186,2005.649120206011,1621.3721760493956,1877.7954494979526,1745.1174096433717,2023-10-15,1,gp,2023W41
2072.503065081249,3194.076297087554,2146.5573785099978,3086.0320548699083,2235.011703072745,2965.8290911758086,2390.9682907428128,2774.3984501745613,2575.9167018511107,2023-10-22,2,gp,2023W41
1390.242177578171,2135.0811835985232,1439.5052410753872,2063.4324569427436,1498.3299000569723,1983.6976536117963,1602.0008613077052,1856.6622587293325,1724.874704968686,2023-10-29,3,gp,2023W41
2061.1357391357424,3043.2413452148435,2108.7322998046875,2999.934436035156,2166.3186279296874,2864.862329101563,2273.837158203125,2676.252197265625,2457.587646484375,2023-10-15,1,lstm,2023W41
2193.158270263672,3396.194604492187,2227.1585693359375,3264.566235351562,2312.607958984375,3158.933520507813,2516.1702880859375,2923.0444946289062,2699.672607421875,2023-10-22,2,lstm,2023W41
2126.4360473632814,3566.946252441406,2204.4373168945312,3463.5467895507813,2374.568896484375,3269.5300781250003,2579.494384765625,3059.0116577148438,2910.279296875,2023-10-29,3,lstm,2023W41
1759.4932476090405,4955.329605533742,1889.2230785617799,4493.07665854398,2055.159759854815,4028.909188737176,2378.7413863734664,3386.3809250745035,2823.364217264071,2023-10-22,1,arima,2023W42
1359.5329843284271,6299.6075232606545,1499.384444886679,5384.080554883911,1685.550884694656,4536.304502465737,2072.0841324223165,3476.9534123080703,2654.124103496415,2023-10-29,2,arima,2023W42
1092.8293797031552,7637.718380975838,1228.4982344129967,6173.828795701162,1414.3693680807517,4916.081772122058,1818.6577328439453,3479.6495600822445,2471.596315959852,2023-11-05,3,arima,2023W42
2071.884871134312,3193.761266220188,2145.952228928092,3085.679148870708,2234.4236124621557,2965.435982559218,2390.4140047744577,2773.945734660221,2575.408287296186,2023-10-22,1,gp,2023W42
1388.1621284043497,2132.368688274465,1437.3781291413645,2060.7743029659896,1496.1477003741961,1981.1014229285393,1599.7243733421967,1854.1679962835613,1722.4908006152205,2023-10-29,2,gp,2023W42
1988.9986564532016,3155.1270160646322,2064.9520357294828,3041.4845314131685,2155.8941328849896,2915.34677314465,2316.7919314139763,2715.1328605481604,2508.464171177537,2023-11-05,3,gp,2023W42
2321.908660888672,3426.8196777343737,2428.272900390625,3282.0279174804687,2584.009716796875,3205.3567382812503,2695.387939453125,3085.7493286132812,2859.3701171875,2023-10-22,1,lstm,2023W42
2464.4738952636717,3860.8995300292963,2552.997509765625,3790.635083007812,2733.7845947265623,3673.6309814453125,2926.5323486328125,3376.0015869140625,3127.611328125,2023-10-29,2,lstm,2023W42
2368.1531372070312,4156.938806152343,2465.6272216796874,4052.932727050781,2679.44853515625,3965.4317626953125,3015.1268920898438,3595.9177856445312,3241.6751708984375,2023-11-05,3,lstm,2023W42
1833.0062191093555,5352.706328374908,1972.2796664604748,4833.960245319905,2150.9771158460194,4315.948821599941,2501.1215495394927,3604.024390449873,2985.5746645220875,2023-10-29,1,arima,2023W43
1437.2299312095397,7323.910574194978,1592.4569600977952,6182.944791561019,1800.5372986445377,5143.8684453406,2237.423315759713,3871.6746967296253,2906.3301806363825,2023-11-05,2,arima,2023W43
1174.6399034685505,9588.27231419116,1329.1920025035522,7575.524407866979,1543.057139021363,5897.806566010471,2015.917630968993,4047.9993921159216,2799.042181876505,2023-11-12,3,arima,2023W43
1385.1886761311648,2128.303821000987,1434.3270423663525,2056.80765811007,1493.0050659986885,1977.2455948599636,1596.4233100200454,1850.4921719443496,1719.0064783807256,2023-10-29,1,gp,2023W43
1982.2328415300312,3144.5405904596328,2057.935729173708,3031.2683608221246,2148.5782505155553,2905.5420318675206,2308.9469102593625,2705.9822219783828,2499.9901761266806,2023-11-05,2,gp,2023W43
2095.569339729236,3281.0948021017834,2173.2640053129503,3166.1629910189304,2266.1894861907863,3038.460168863291,2430.3397965304025,2835.456750241685,2625.4877532804658,2023-11-12,3,gp,2023W43
2336.7282958984374,3517.428546142578,2371.6953247070314,3482.0153198242188,2499.6526123046874,3350.640551757813,2716.9686279296875,3176.887451171875,2932.9051513671875,2023-10-29,1,lstm,2023W43
2537.6699340820314,3965.253338623047,2579.12138671875,3843.302941894531,2674.4046142578127,3739.421557617188,2938.1092529296875,3483.1676635742188,3190.8218994140625,2023-11-05,2,lstm,2023W43
2485.557019042969,4111.850976562499,2562.116101074219,4063.030590820312,2714.5939453125,3878.5340576171875,2949.0911865234375,3630.6109008789062,3308.6824951171875,2023-11-12,3,lstm,2023W43
1766.311587102475,5077.997688952585,1898.807785329792,4593.840223072005,2068.582818206749,4109.2061875051995,2400.5568901032902,3441.080734343989,2858.5066226853683,2023-11-05,1,arima,2023W44
1376.3257225552013,6816.376269701808,1522.8734450828656,5775.9682352913005,1718.9127808597468,4823.684365246344,2129.1516234227347,3650.5728463928144,2754.148292122753,2023-11-12,2,arima,2023W44
1121.2525726695997,8785.351586495777,1266.618564017494,6983.771391125078,1467.2527278370528,5469.862311333117,1908.9743917733792,3784.998148196517,2635.7465775537403,2023-11-19,3,arima,2023W44
1977.2114417052903,3137.2120571618184,2052.756807404919,3024.155514294554,2143.2122565864925,2898.6706336282473,2303.2538268302133,2699.4987234245655,2493.913492127487,2023-11-05,1,gp,2023W44
2089.3059189349487,3270.4175068924437,2166.721074992921,3155.925833275275,2259.3101853925823,3028.7093237536897,2422.8610833525295,2826.4727462319543,2617.288316651034,2023-11-12,2,gp,2023W44
1911.6532543559345,2996.341278935099,1982.7039798060487,2891.140794273814,2067.6905893958583,2774.2605576467463,2217.8360732410065,2588.4839537807584,2396.364072569995,2023-11-19,3,gp,2023W44
2366.8093017578126,3898.232037353515,2487.619519042969,3713.016967773437,2662.0554443359374,3539.32041015625,2856.801025390625,3278.5449829101562,3012.75927734375,2023-11-05,1,lstm,2023W44
2595.8145141601562,4236.0486206054675,2644.7654541015627,4024.9539428710937,2902.841064453125,3843.205004882813,3034.22900390625,3610.6512451171875,3276.4786376953125,2023-11-12,2,lstm,2023W44
2676.013702392578,4239.934118652343,2798.907568359375,4103.94130859375,2910.019873046875,3993.4202392578127,3056.1154174804688,3724.44140625,3341.5638427734375,2023-11-19,3,lstm,2023W44
2619.052105324088,8806.222805242078,2840.47222153943,7826.269746797818,3127.934486930422,6869.107679343016,3701.62550775756,5590.456678875933,4516.6977508314085,2023-11-12,1,arima,2023W45
2080.634836937008,12892.889344360554,2326.4860716035287,10600.581052163532,2660.606660538774,8585.830737659246,3377.8684916998195,6222.284442656753,4513.353709673526,2023-11-19,2,arima,2023W45
1721.3286084283527,18101.00443542749,1967.512583092786,13747.389615112259,2313.428652851825,10301.911919614493,3097.921541618999,6719.8297225096085,4449.441955423909,2023-11-26,3,arima,2023W45
2079.705766063212,3255.8662656382426,2156.791107032506,3141.8478867181107,2248.9868787692985,3015.1587585754987,2411.845813206262,2813.763943648335,2605.4548582863786,2023-11-12,1,gp,2023W45
1905.0798716307386,2985.1165087525833,1975.836263849532,2880.3801242251134,2060.4686172794413,2764.012614891628,2209.982698862296,2579.044363342345,2387.751327141304,2023-11-19,2,gp,2023W45
3778.6473451795423,6984.906378600256,3972.6868108020894,6653.047931716396,4208.027842149598,6289.197421404471,4632.134205842016,5721.756216590094,5149.6395266510835,2023-11-26,3,gp,2023W45
2875.351428222656,5517.263781738281,3122.9017822265623,5171.905029296874,3241.6517822265623,5059.800439453125,3652.5306396484375,4483.480712890625,4104.2421875,2023-11-12,1,lstm,2023W45
3103.759802246094,6433.608972167966,3352.115832519531,6121.92802734375,3685.31337890625,5802.242724609375,4148.3475341796875,5083.9664306640625,4584.6728515625,2023-11-19,2,lstm,2023W45
3314.08115234375,6729.779052734374,3487.716455078125,6576.391381835937,3729.6661865234373,6315.901123046876,4325.25732421875,5501.193115234375,4877.505859375,2023-11-26,3,lstm,2023W45
2413.3116127111407,8136.503613480523,2617.7283237131874,7228.796507350471,2883.1745502678896,6342.584525377093,3413.1120764484835,5159.367943382487,4166.401596324898,2023-11-19,1,arima,2023W46
1777.1365548027509,11937.47077055358,1994.2938723963105,9704.346793738021,2291.027388733549,7771.133651548127,2933.6924363707067,5543.571124429247,3964.855314901929,2023-11-26,2,arima,2023W46
1361.532536667777,16700.512640981535,1565.1962952896952,12365.30666225852,1853.878634515336,9045.976912193411,2518.231332069148,5718.7225649582115,3689.456363503242,2023-12-03,3,arima,2023W46
1897.2614133907307,2972.7624929737094,1967.7218490636715,2868.4674245530005,2051.9999559774355,2752.5899092141526,2200.887582659119,2568.399757705082,2377.910388168044,2023-11-19,1,gp,2023W46
3777.848091099175,6982.938723083756,3971.8234673337133,6651.210234919877,4207.085374024848,6287.50016910328,4631.0455575497635,5720.2734236054075,5148.366797364008,2023-11-26,2,gp,2023W46
2452.9341464493477,4766.148271734707,2589.5661306044844,4522.082905474102,2755.978811502369,4255.5513810218445,3057.6779771904535,3842.249237332692,3428.7121330904747,2023-12-03,3,gp,2023W46
3206.898077392578,5897.585864257811,3410.6134033203125,5524.289111328125,3642.090087890625,5314.760986328126,4102.90966796875,4921.05859375,4488.33349609375,2023-11-19,1,lstm,2023W46
3568.643603515625,6521.4686279296875,3894.651611328125,6449.083251953125,4071.236767578125,6211.663525390626,4520.607666015625,5514.7337646484375,5004.6962890625,2023-11-26,2,lstm,2023W46
3650.7690856933596,7183.809741210937,3892.067919921875,6969.921118164062,4145.261499023438,6686.592236328125,4712.908203125,6049.2344970703125,5223.100341796875,2023-12-03,3,lstm,2023W46
3209.8222170517734,12302.849188275746,3505.8165529925036,10765.525177233732,3894.155767567316,9295.552252491894,4682.0777947881315,7383.981451408792,5828.833347087398,2023-11-26,1,arima,2023W47
2405.105754092333,18804.0259316986,2716.671889310157,14952.756250172859,3146.636409656342,11715.068947019985,4093.04405499258,8109.998436731685,5649.643261461144,2023-12-03,2,arima,2023W47
1881.7389730519199,26870.734079283833,2174.8889757398406,19380.971684887674,2593.8484457797504,13836.94371730634,3571.5028174172894,8479.306443237527,5333.512103351519,2023-12-10,3,arima,2023W47
3776.896621364064,6982.362375715057,3970.8787351835203,6650.57329914847,4206.152174044598,6286.801729321316,4630.141796022791,5719.49008542626,5147.512720864311,2023-11-26,1,gp,2023W47
2461.282845858324,4782.006604589923,2598.363453414625,4537.155976920587,2765.321477527518,4269.765300413188,3068.006572090549,3855.127319624374,3440.2488275489177,2023-12-03,2,gp,2023W47
3998.236714007896,8622.459020762974,4257.64548263227,8114.861643046101,4576.401482803279,7565.125826591264,5161.639740934389,6722.769632297149,5893.293918952351,2023-12-10,3,gp,2023W47
4335.494958496094,8125.8483154296855,4476.06923828125,7574.319653320313,4796.3017578125,7266.497216796875,5261.0272216796875,6579.8212890625,5734.8857421875,2023-11-26,1,lstm,2023W47
4970.114074707031,9843.066699218745,5145.390356445312,9139.090283203124,5296.678173828125,8286.817382812502,6162.387451171875,7715.833251953125,6719.29296875,2023-12-03,2,lstm,2023W47
5147.580432128906,11539.651342773437,5316.384130859375,10524.530712890624,5674.901171875,9429.659179687502,6511.725830078125,8248.8896484375,7213.318359375,2023-12-10,3,lstm,2023W47
3388.494127260625,13765.19110587688,3712.221018182451,11960.157903288904,4138.876178387778,10250.81371271723,5010.772912976648,8054.717369297999,6293.193491771132,2023-12-03,1,arima,2023W48
2397.2036462715623,21606.74758614883,2723.585587288706,16814.92116316789,3178.0011347531586,12899.547616572769,4192.953041197741,8679.884540215415,5900.406182455003,2023-12-10,2,arima,2023W48
1768.488612780747,31713.08669755502,2059.5510161441325,21946.45887171465,2480.395308319652,15089.390389661417,3482.0908631540015,8822.304499955717,5345.72395288782,2023-12-17,3,arima,2023W48
2466.107354786182,4791.662288327086,2603.4693407447844,4546.296364915678,2770.770909486761,4278.344223827166,3074.0810025423757,3862.83840980176,3447.095358598879,2023-12-03,1,gp,2023W48
4009.776135013323,8634.875860843236,4269.4206459627885,8127.4569655725545,4588.427238337985,7577.851470464847,5174.023082639186,6735.556444790496,5905.957919749196,2023-12-10,2,gp,2023W48
2975.9516395600617,6457.050825918891,3170.646106225255,6074.0658787765415,3410.005422027206,5659.486371404273,3849.7933292121015,5024.666860352842,4400.132173203495,2023-12-17,3,gp,2023W48
4844.741174316407,9921.142358398436,5275.369580078125,9445.386376953125,5452.750927734375,8946.03076171875,6254.5950927734375,8215.93896484375,7164.43896484375,2023-12-03,1,lstm,2023W48
5917.693566894532,12192.913256835938,6376.064892578125,11504.104199218747,6574.638671875,10954.861328125,7340.4005126953125,9878.600830078125,8693.3291015625,2023-12-10,2,lstm,2023W48
6248.740441894532,14161.979711914055,6757.381030273437,12908.769775390623,7372.62998046875,12203.78076171875,8411.141357421875,11480.404541015625,9841.9931640625,2023-12-17,3,lstm,2023W48
3628.227459620451,14644.960655389947,3973.539104683507,12734.567985415073,4428.41616455032,10923.50877087383,5357.256069028355,8593.615383063026,6721.852047123473,2023-12-10,1,arima,2023W49
2728.084176387456,22795.873341785216,3090.008508539162,17947.128132890706,3591.563481901937,13924.282422670303,4703.193009726212,9512.510530081336,6551.082827844102,2023-12-17,2,arima,2023W49
2149.3401760552974,34023.03133980985,2492.886900589818,24092.342315349382,2986.5128941781227,16912.858442573863,4148.942765926476,10146.670482844267,6274.707300318719,2023-12-24,3,arima,2023W49
4029.581206280379,8675.437172510088,4290.422113622657,8165.787030086972,4610.892100987937,7613.754258088691,5199.157149315552,6767.71617131953,5934.400414074129,2023-12-10,1,gp,2023W49
2985.7233929951994,6466.167262274766,3180.5624712000404,6083.522252455444,3420.0615950938827,5669.249315974003,3860.006705597252,5034.764250434321,4410.3803494433905,2023-12-17,2,gp,2023W49
2586.9492014887946,5425.401511529783,2748.4101098064884,5117.090020370302,2946.3393294590987,4782.440600926061,3308.5080401202326,4268.020665652389,3759.2937553055485,2023-12-24,3,gp,2023W49
5987.495764160156,12132.38002929687,6410.90830078125,11280.760791015624,6551.82353515625,10923.5283203125,7185.0838623046875,9580.794921875,8411.724609375,2023-12-10,1,lstm,2023W49
7180.489477539062,14890.573510742182,7481.231884765625,14093.873486328124,7940.453369140625,13117.156933593751,8818.815185546875,11443.441650390625,9975.5615234375,2023-12-17,2,lstm,2023W49
7570.201611328125,17468.768115234372,7815.9156494140625,16548.1185546875,8536.0396484375,15473.406250000002,9985.716064453125,13176.427490234375,10877.00341796875,2023-12-24,3,lstm,2023W49
3810.868720131533,15911.673449720909,4180.854434051466,13778.470951156585,4669.508309882002,11767.65158054556,5671.456565191877,9199.043402729927,7152.459977640158,2023-12-17,1,arima,2023W50
2817.8031970814022,24076.396790103434,3194.5432338946,18891.200739360316,3717.3533368181857,14608.389396913688,4878.744991065066,9935.504974941881,6816.191557172291,2023-12-24,2,arima,2023W50
2195.1480127815075,34440.44444227333,2545.259298555741,24427.189744245934,3048.088025081003,17173.10260443043,4231.270160159815,10321.7191157252,6392.2926490108,2023-12-31,3,arima,2023W50
2989.362828704435,6473.393615779826,3184.412531498701,6090.368765560899,3424.1685005885624,5675.681264820307,3864.580019700304,5040.553952887292,4415.528370813922,2023-12-17,1,gp,2023W50
2581.9703541615677,5402.5982747643075,2742.599328055962,5096.487132395304,2939.470537565528,4764.165620340924,3299.6035397488013,4253.190824964633,3747.694114395084,2023-12-24,2,gp,2023W50
11610.37180952834,17743.88127601687,12016.929702750691,17154.983446087434,12502.208022790082,16499.377713690345,13356.971879646051,15454.28752864015,14369.32324571519,2023-12-31,3,gp,2023W50
6239.406530761718,13228.365551757812,6752.666748046875,12063.106249999999,7343.042041015625,11623.780468750001,8377.37109375,10555.753662109375,9448.2939453125,2023-12-17,1,lstm,2023W50
7503.580871582031,16203.109521484374,8039.8382568359375,14678.059130859374,8548.23212890625,13914.862500000001,10025.091796875,12842.122802734375,11299.31787109375,2023-12-24,2,lstm,2023W50
7873.571228027344,18376.840869140622,8342.1130859375,16508.99697265625,9643.713671875,15456.32919921875,10840.6748046875,14389.8134765625,12511.4169921875,2023-12-31,3,lstm,2023W50
2719.83179948774,9739.206286526123,2959.892015307047,8591.80081148616,3273.1480179169203,7482.379352527494,3903.338488006917,6019.275712231087,4809.172662960847,2023-12-24,1,arima,2023W51
1837.6955052901164,12671.27551817072,2064.619755821659,10262.502352851185,2375.2373828446666,8187.578666171889,3049.879683011485,5810.683226153978,4137.031658240398,2023-12-31,2,arima,2023W51
1326.9235546824511,15626.847791995484,1523.144823643129,11649.632858643932,1800.6470562347538,8577.320295226673,2436.8389120489796,5467.642883155503,3551.6821706644114,2024-01-07,3,arima,2023W51
2578.4656325954224,5390.019202326156,2738.6550972893897,5085.004962287499,2934.9714318482593,4753.848645815868,3294.047071194392,4244.608888966214,3740.753585533835,2023-12-24,1,gp,2023W51
11583.486084657387,17691.89237847462,11988.497494963862,17105.550227203563,12471.904975037245,16452.757242008385,13323.310786226555,15412.07668284426,14331.587746098052,2023-12-31,2,gp,2023W51
6094.276291026739,10180.869614286588,6353.954813210181,9774.319046365721,6666.235120304424,9324.946326993979,7222.182185081049,8615.929105542677,7889.872713469118,2024-01-07,3,gp,2023W51
4635.554418945312,10677.472851562496,5111.0484375,9786.692529296874,5792.813330078125,9120.612304687502,6162.6143798828125,8234.5869140625,7050.357666015625,2023-12-24,1,lstm,2023W51
5218.644250488282,11511.265283203122,5712.2251953125,10903.7119140625,6063.819580078125,9975.936328125003,6850.6468505859375,9122.217041015625,7835.152587890625,2023-12-31,2,lstm,2023W51
5272.705114746093,12312.136718749998,5507.5360107421875,11841.23671875,6026.03544921875,10892.662109375,6710.754638671875,9363.588134765625,8287.22314453125,2024-01-07,3,lstm,2023W51
3471.899376307676,14025.128651392219,3802.489783265609,12194.400030408817,4238.00153162443,10459.093926157759,5127.38525244892,8227.02712974666,6434.202609753943,2023-12-31,1,arima,2023W52
2456.8739770782213,19797.977063308834,2778.6493626329566,15672.327675634468,3223.5528873531657,12224.601950069793,4205.93113093311,8412.014952928766,5829.542931697536,2024-01-07,2,arima,2023W52
1849.959849273414,26024.785591674125,2137.0523908210853,18820.196553154416,2547.0294901086563,13469.210661195217,3502.4395263659208,8279.35867222654,5220.67693678694,2024-01-14,3,arima,2023W52
11542.031494394672,17636.817617981196,11946.050925541174,17051.672786222065,12428.293267096033,16400.23736120161,13277.694462993484,15361.777130523158,14283.671054956918,2023-12-31,1,gp,2023W52
6072.229743774065,10146.508816031059,6331.09567548885,9741.144339654467,6642.405147987197,9293.091395165586,7196.640039221729,8586.17631011752,7862.299638971547,2024-01-07,2,gp,2023W52
7532.236276896718,13475.717160706541,7897.664475040785,12868.30042827205,8339.657086443538,12200.585717424901,9133.0429080908,11155.346314350676,10096.203067393139,2024-01-14,3,gp,2023W52
5703.114709472657,10383.83303222656,5909.120556640625,10146.4193359375,6119.4955078125,9597.44248046875,6795.003173828125,8654.6923828125,7763.750244140625,2023-12-31,1,lstm,2023W52
6040.206530761719,11293.158862304686,6261.469213867187,10994.625390624999,6653.70517578125,10503.299511718751,7440.3939208984375,9169.74755859375,8368.07763671875,2024-01-07,2,lstm,2023W52
5859.435766601562,11146.103247070308,6199.494458007813,10795.988818359376,6368.070166015625,10366.271191406251,7326.86865234375,9332.5263671875,8427.66015625,2024-01-14,3,lstm,2023W52
